,location,time,life_expectancy,fertility_rate,pop_mlns
0,AUS,1960,70.9,3.5,10.275
1,AUS,1961,71.2,3.5,10.5082
2,AUS,1962,71.0,3.4,10.7005
3,AUS,1963,71.1,3.3,10.9069
4,AUS,1964,70.7,3.2,11.1216
5,AUS,1965,71.0,3.0,11.3409
6,AUS,1966,70.8,2.9,11.5995
7,AUS,1967,71.2,2.8,11.79908
8,AUS,1968,70.9,2.9,12.00863
9,AUS,1969,71.1,2.9,12.263010000000001
10,AUS,1970,70.8,2.9,12.50735
11,AUS,1971,71.6,2.9,13.067260000000001
12,AUS,1972,72.0,2.7,13.30366
13,AUS,1973,72.1,2.5,13.504539999999999
14,AUS,1974,71.9,2.3,13.722570000000001
15,AUS,1975,72.7,2.1,13.892999999999999
16,AUS,1976,72.8,2.1,14.033079999999998
17,AUS,1977,73.4,2.0,14.192229999999999
18,AUS,1978,73.7,1.9,14.35925
19,AUS,1979,74.3,1.9,14.51573
20,AUS,1980,74.6,1.9,14.69536
21,AUS,1981,74.9,1.9,14.92326
22,AUS,1982,74.7,1.9,15.18425
23,AUS,1983,75.5,1.9,15.39347
24,AUS,1984,75.8,1.8,15.57939
25,AUS,1985,75.6,1.9,15.788310000000001
26,AUS,1986,76.1,1.9,16.01835
27,AUS,1987,76.3,1.8,16.26387
28,AUS,1988,76.3,1.8,16.53216
29,AUS,1989,76.5,1.8,16.814420000000002
30,AUS,1990,77.0,1.9,17.06513
31,AUS,1991,77.4,1.8,17.28404
32,AUS,1992,77.5,1.9,17.479
33,AUS,1993,78.0,1.9,17.635
34,AUS,1994,78.0,1.8,17.805
35,AUS,1995,77.9,1.8,18.005
36,AUS,1996,78.2,1.8,18.225
37,AUS,1997,78.5,1.8,18.423
38,AUS,1998,78.7,1.8,18.608
39,AUS,1999,79.0,1.8,18.812
40,AUS,2000,79.3,1.8,19.029
41,AUS,2001,79.7,1.7,19.275
42,AUS,2002,80.0,1.8,19.495
43,AUS,2003,80.3,1.8,19.721
44,AUS,2004,80.6,1.8,19.933
45,AUS,2005,80.9,1.8,20.177
46,AUS,2006,81.1,1.9,20.451
47,AUS,2007,81.4,2.0,20.828000000000003
48,AUS,2008,81.5,2.0,21.249000000000002
49,AUS,2009,81.6,2.0,21.691999999999997
50,AUS,2010,81.8,2.0,22.031999999999996
51,AUS,2011,82.0,1.9,22.34
52,AUS,2012,82.1,1.9,22.728
53,AUS,2013,82.2,1.9,23.125999999999998
54,AUS,2014,82.4,1.8,23.491
55,AUT,1960,68.7,2.7,7.0475389999999996
56,AUT,1961,69.7,2.8,7.086297999999999
57,AUT,1962,69.4,2.8,7.1298639999999995
58,AUT,1963,69.6,2.8,7.175811
59,AUT,1964,70.0,2.8,7.223801
60,AUT,1965,69.8,2.7,7.270888
61,AUT,1966,70.2,2.7,7.322066
62,AUT,1967,70.0,2.6,7.3769979999999995
63,AUT,1968,70.2,2.6,7.415402
64,AUT,1969,69.9,2.5,7.441055
65,AUT,1970,70.0,2.3,7.467086
66,AUT,1971,70.2,2.2,7.500481
67,AUT,1972,70.6,2.1,7.544200999999999
68,AUT,1973,71.1,1.9,7.586114
69,AUT,1974,71.1,1.9,7.599038
70,AUT,1975,71.2,1.8,7.578902
71,AUT,1976,71.7,1.7,7.565525
72,AUT,1977,72.0,1.6,7.56843
73,AUT,1978,72.1,1.6,7.562303999999999
74,AUT,1979,72.4,1.6,7.549424
75,AUT,1980,72.6,1.7,7.549432
76,AUT,1981,72.9,1.7,7.56871
77,AUT,1982,73.1,1.7,7.574139
78,AUT,1983,73.1,1.6,7.561910000000001
79,AUT,1984,73.7,1.5,7.561433999999999
80,AUT,1985,73.9,1.5,7.564984
81,AUT,1986,74.4,1.4,7.569794
82,AUT,1987,74.9,1.4,7.574585000000001
83,AUT,1988,75.3,1.4,7.585317
84,AUT,1989,75.4,1.4,7.619566000000001
85,AUT,1990,75.7,1.5,7.67785
86,AUT,1991,75.7,1.5,7.75489
87,AUT,1992,75.9,1.5,7.8407089999999995
88,AUT,1993,76.2,1.5,7.905632000000001
89,AUT,1994,76.5,1.5,7.936116999999999
90,AUT,1995,76.8,1.4,7.948278
91,AUT,1996,77.0,1.4,7.959016
92,AUT,1997,77.4,1.4,7.968041
93,AUT,1998,77.8,1.4,7.976788000000001
94,AUT,1999,78.0,1.3,7.992323
95,AUT,2000,78.2,1.4,8.011566
96,AUT,2001,78.7,1.3,8.042292999999999
97,AUT,2002,78.8,1.4,8.082121
98,AUT,2003,78.7,1.4,8.118245
99,AUT,2004,79.3,1.4,8.169441
100,AUT,2005,79.4,1.4,8.225278
101,AUT,2006,80.0,1.4,8.267947999999999
102,AUT,2007,80.3,1.4,8.295189
103,AUT,2008,80.5,1.4,8.321541
104,AUT,2009,80.4,1.4,8.341483
105,AUT,2010,80.7,1.4,8.361069
106,AUT,2011,81.1,1.4,8.388534
107,AUT,2012,81.0,1.4,8.426311
108,AUT,2013,81.2,1.4,8.46857
109,BEL,1960,69.8,2.5,9.153489
110,BEL,1961,70.6,2.6,9.183947
111,BEL,1962,70.3,2.6,9.220577
112,BEL,1963,70.1,2.7,9.289769999999999
113,BEL,1964,70.9,2.7,9.378113
114,BEL,1965,70.7,2.6,9.463667
115,BEL,1966,70.8,2.5,9.527807000000001
116,BEL,1967,71.1,2.4,9.58099
117,BEL,1968,70.8,2.3,9.618755
118,BEL,1969,70.9,2.3,9.646032
119,BEL,1970,71.1,2.3,9.655549
120,BEL,1971,71.2,2.2,9.673161
121,BEL,1972,71.5,2.1,9.711114
122,BEL,1973,71.7,2.0,9.741719999999999
123,BEL,1974,72.1,1.8,9.772419000000001
124,BEL,1975,72.1,1.7,9.8007
125,BEL,1976,72.2,1.7,9.818227
126,BEL,1977,72.9,1.7,9.830357000000001
127,BEL,1978,72.8,1.7,9.839533
128,BEL,1979,73.3,1.7,9.848382
129,BEL,1980,73.3,1.7,9.859242
130,BEL,1981,73.7,1.7,9.858981
131,BEL,1982,74.0,1.6,9.856303
132,BEL,1983,74.0,1.6,9.85552
133,BEL,1984,74.5,1.5,9.855372000000001
134,BEL,1985,74.6,1.5,9.858308000000001
135,BEL,1986,74.8,1.5,9.861823
136,BEL,1987,75.5,1.5,9.870233
137,BEL,1988,75.7,1.6,9.901664
138,BEL,1989,75.7,1.6,9.937697
139,BEL,1990,76.1,1.6,9.967378
140,BEL,1991,76.3,1.7,10.004489999999999
141,BEL,1992,76.5,1.6,10.045160000000001
142,BEL,1993,76.5,1.6,10.08447
143,BEL,1994,76.8,1.5,10.1156
144,BEL,1995,77.0,1.5,10.13681
145,BEL,1996,77.3,1.6,10.15664
146,BEL,1997,77.5,1.6,10.18125
147,BEL,1998,77.6,1.6,10.20301
148,BEL,1999,77.7,1.6,10.22642
149,BEL,2000,77.8,1.6,10.25125
150,BEL,2001,78.1,1.6,10.28657
151,BEL,2002,78.2,1.6,10.33278
152,BEL,2003,78.2,1.6,10.37613
153,BEL,2004,79.0,1.7,10.42114
154,BEL,2005,79.1,1.7,10.47862
155,BEL,2006,79.5,1.8,10.54796
156,BEL,2007,79.9,1.8,10.6257
157,BEL,2008,79.8,1.9,10.70997
158,BEL,2009,80.1,1.8,10.796489999999999
159,BEL,2010,80.3,1.8,10.92027
160,BEL,2011,80.7,1.8,11.04774
161,BEL,2012,80.5,1.8,11.12825
162,BEL,2013,80.7,1.7,11.17844
163,BEL,2014,81.4,1.7,11.22728
164,CAN,1961,71.3,3.8,18.635
165,CAN,1966,72.0,2.8,20.421
166,CAN,1971,72.9,2.2,21.962
167,CAN,1976,73.9,1.8,23.45
168,CAN,1979,75.1,1.7,24.201999999999998
169,CAN,1980,75.3,1.7,24.516
170,CAN,1981,75.5,1.7,24.82
171,CAN,1982,75.6,1.6,25.116999999999997
172,CAN,1983,75.9,1.6,25.366
173,CAN,1984,76.2,1.6,25.607
174,CAN,1985,76.3,1.6,25.842
175,CAN,1986,76.5,1.6,26.1
176,CAN,1987,76.6,1.6,26.447
177,CAN,1988,76.8,1.6,26.791999999999998
178,CAN,1989,77.0,1.7,27.276999999999997
179,CAN,1990,77.2,1.7,27.69114
180,CAN,1991,77.5,1.7,28.03742
181,CAN,1992,77.7,1.7,28.371259999999996
182,CAN,1993,77.8,1.7,28.684759999999997
183,CAN,1994,77.9,1.6,29.000659999999996
184,CAN,1995,77.9,1.6,29.30231
185,CAN,1996,78.1,1.6,29.61022
186,CAN,1997,78.3,1.6,29.90595
187,CAN,1998,78.5,1.5,30.155170000000002
188,CAN,1999,78.7,1.5,30.401290000000003
189,CAN,2000,79.0,1.5,30.68573
190,CAN,2001,79.2,1.5,31.01902
191,CAN,2002,79.4,1.5,31.353659999999998
192,CAN,2003,79.6,1.5,31.639670000000002
193,CAN,2004,79.8,1.5,31.94068
194,CAN,2005,80.0,1.5,32.24521
195,CAN,2006,80.3,1.6,32.57607
196,CAN,2007,80.4,1.7,32.92752
197,CAN,2008,80.6,1.7,33.31766
198,CAN,2009,80.8,1.7,33.72691
199,CAN,2010,81.1,1.6,34.12655
200,CAN,2011,81.3,1.6,34.483979999999995
201,CAN,2012,81.5,1.6,34.88049
202,CAN,2013,81.7,1.6,35.154
203,CAN,2014,81.8,1.6,35.54
204,CZE,1960,70.7,2.1,9.659818
205,CZE,1961,70.7,2.1,9.588016
206,CZE,1962,69.9,2.1,9.621808
207,CZE,1963,70.5,2.3,9.668741
208,CZE,1964,70.7,2.4,9.730019
209,CZE,1965,70.4,2.2,9.785102
210,CZE,1966,70.6,2.0,9.826188
211,CZE,1967,70.5,1.9,9.854241
212,CZE,1968,70.1,1.8,9.877632
213,CZE,1969,69.6,1.9,9.896695
214,CZE,1970,69.6,1.9,9.805157000000001
215,CZE,1971,69.8,2.0,9.830602
216,CZE,1972,70.3,2.1,9.868379
217,CZE,1973,70.2,2.3,9.919519000000001
218,CZE,1974,70.2,2.4,9.994761
219,CZE,1975,70.6,2.4,10.06237
220,CZE,1976,70.7,2.4,10.128219999999999
221,CZE,1977,70.8,2.3,10.18931
222,CZE,1978,70.9,2.3,10.24569
223,CZE,1979,70.9,2.3,10.296489999999999
224,CZE,1980,70.5,2.1,10.326789999999999
225,CZE,1981,70.8,2.0,10.30321
226,CZE,1982,70.9,2.0,10.31432
227,CZE,1983,70.8,2.0,10.32282
228,CZE,1984,71.0,2.0,10.33048
229,CZE,1985,71.2,2.0,10.336739999999999
230,CZE,1986,71.1,1.9,10.34074
231,CZE,1987,71.6,1.9,10.34883
232,CZE,1988,71.8,1.9,10.35636
233,CZE,1989,71.9,1.9,10.362260000000001
234,CZE,1990,71.6,1.9,10.362739999999999
235,CZE,1991,72.0,1.9,10.30868
236,CZE,1992,72.5,1.7,10.31781
237,CZE,1993,72.9,1.7,10.33061
238,CZE,1994,73.2,1.4,10.336160000000001
239,CZE,1995,73.3,1.3,10.33076
240,CZE,1996,74.0,1.2,10.31535
241,CZE,1997,74.1,1.2,10.30364
242,CZE,1998,74.7,1.2,10.294939999999999
243,CZE,1999,74.9,1.1,10.28278
244,CZE,2000,75.1,1.1,10.2725
245,CZE,2001,75.3,1.1,10.22419
246,CZE,2002,75.4,1.2,10.20077
247,CZE,2003,75.3,1.2,10.20165
248,CZE,2004,75.8,1.2,10.20692
249,CZE,2005,76.1,1.3,10.23409
250,CZE,2006,76.7,1.3,10.26665
251,CZE,2007,77.0,1.4,10.32269
252,CZE,2008,77.3,1.5,10.429689999999999
253,CZE,2009,77.4,1.5,10.491489999999999
254,CZE,2010,77.7,1.5,10.51725
255,CZE,2011,78.0,1.4,10.49667
256,CZE,2012,78.2,1.5,10.50929
257,CZE,2013,78.3,1.5,10.51072
258,CZE,2014,78.9,1.5,10.52478
259,DNK,1960,72.4,2.5,4.579603
260,DNK,1967,72.6,2.4,4.835354
261,DNK,1968,73.0,2.1,4.864882
262,DNK,1969,73.2,2.0,4.891858999999999
263,DNK,1970,73.3,2.0,4.928757
264,DNK,1971,73.3,2.0,4.963125
265,DNK,1972,73.4,2.0,4.9915959999999995
266,DNK,1973,73.6,1.9,5.021861
267,DNK,1974,74.0,1.9,5.045297
268,DNK,1975,74.2,1.9,5.059861
269,DNK,1976,73.9,1.7,5.072596
270,DNK,1977,74.9,1.7,5.088419
271,DNK,1978,74.6,1.7,5.104248
272,DNK,1979,74.4,1.6,5.116801000000001
273,DNK,1980,74.3,1.5,5.1230269999999996
274,DNK,1981,74.4,1.4,5.1215720000000005
275,DNK,1982,74.7,1.4,5.1178099999999995
276,DNK,1983,74.6,1.4,5.1142970000000005
277,DNK,1984,74.8,1.4,5.111619
278,DNK,1985,74.6,1.4,5.11369
279,DNK,1986,74.8,1.5,5.120533999999999
280,DNK,1987,74.9,1.5,5.127024
281,DNK,1988,75.0,1.6,5.129516000000001
282,DNK,1989,75.0,1.6,5.132593
283,DNK,1990,74.9,1.7,5.140939
284,DNK,1991,75.3,1.7,5.154297
285,DNK,1992,75.3,1.8,5.17137
286,DNK,1993,75.2,1.8,5.188628
287,DNK,1994,75.5,1.8,5.206180000000001
288,DNK,1995,75.3,1.8,5.233373
289,DNK,1996,75.7,1.8,5.263074
290,DNK,1997,76.1,1.8,5.284991000000001
291,DNK,1998,76.5,1.7,5.304218
292,DNK,1999,76.6,1.7,5.321798
293,DNK,2000,76.9,1.8,5.339616
294,DNK,2001,77.0,1.7,5.358783
295,DNK,2002,77.1,1.7,5.375931
296,DNK,2003,77.4,1.8,5.390574
297,DNK,2004,77.8,1.8,5.404522
298,DNK,2005,78.3,1.8,5.419432
299,DNK,2006,78.4,1.8,5.437271
300,DNK,2007,78.4,1.8,5.461437999999999
301,DNK,2008,78.8,1.9,5.493621
302,DNK,2009,79.0,1.8,5.523095
303,DNK,2010,79.3,1.9,5.547683
304,DNK,2011,79.9,1.8,5.570572
305,DNK,2012,80.1,1.7,5.591572
306,DNK,2013,80.4,1.7,5.614932
307,FIN,1960,69.0,2.7,4.43
308,FIN,1963,69.0,2.7,4.523
309,FIN,1968,69.8,2.1,4.626
310,FIN,1970,70.8,1.8,4.606
311,FIN,1971,70.1,1.7,4.612
312,FIN,1972,70.7,1.6,4.64
313,FIN,1973,71.2,1.5,4.666
314,FIN,1974,71.2,1.6,4.691
315,FIN,1975,71.7,1.7,4.712
316,FIN,1976,72.0,1.7,4.726
317,FIN,1977,72.4,1.7,4.739
318,FIN,1978,73.0,1.7,4.753
319,FIN,1979,73.2,1.6,4.765
320,FIN,1980,73.6,1.6,4.779
321,FIN,1981,73.9,1.6,4.8
322,FIN,1982,74.6,1.7,4.827
323,FIN,1983,74.4,1.7,4.856
324,FIN,1984,74.8,1.7,4.882
325,FIN,1985,74.5,1.6,4.902
326,FIN,1986,74.8,1.6,4.918
327,FIN,1987,74.8,1.6,4.9319999999999995
328,FIN,1988,74.8,1.7,4.947
329,FIN,1989,75.0,1.7,4.9639999999999995
330,FIN,1990,75.0,1.8,4.986000000000001
331,FIN,1991,75.5,1.8,5.013999999999999
332,FIN,1992,75.7,1.9,5.042
333,FIN,1993,75.8,1.8,5.066
334,FIN,1994,76.6,1.9,5.088
335,FIN,1995,76.6,1.8,5.1080000000000005
336,FIN,1996,76.9,1.8,5.125
337,FIN,1997,77.1,1.8,5.14
338,FIN,1998,77.3,1.7,5.153
339,FIN,1999,77.5,1.7,5.165
340,FIN,2000,77.7,1.7,5.176
341,FIN,2001,78.2,1.7,5.188
342,FIN,2002,78.3,1.7,5.2010000000000005
343,FIN,2003,78.5,1.8,5.212999999999999
344,FIN,2004,79.0,1.8,5.228
345,FIN,2005,79.1,1.8,5.246
346,FIN,2006,79.5,1.8,5.267
347,FIN,2007,79.6,1.8,5.289
348,FIN,2008,79.9,1.9,5.313
349,FIN,2009,80.1,1.9,5.3389999999999995
350,FIN,2010,80.2,1.9,5.3629999999999995
351,FIN,2011,80.6,1.8,5.388
352,FIN,2012,80.7,1.8,5.414
353,FIN,2013,81.1,1.8,5.439
354,FIN,2014,81.3,1.7,5.472
355,FRA,1960,70.3,2.7,45.68423
356,FRA,1961,71.0,2.8,46.16283
357,FRA,1962,70.5,2.8,46.9977
358,FRA,1963,70.5,2.9,47.81622
359,FRA,1964,71.4,2.9,48.31041
360,FRA,1965,71.3,2.8,48.7578
361,FRA,1966,71.5,2.8,49.16366
362,FRA,1967,71.5,2.7,49.5483
363,FRA,1968,71.5,2.6,49.9154
364,FRA,1969,71.3,2.5,50.31798
365,FRA,1970,72.2,2.5,50.77223
366,FRA,1971,72.1,2.5,51.251090000000005
367,FRA,1972,72.4,2.4,51.70091
368,FRA,1973,72.5,2.3,52.1183
369,FRA,1974,72.8,2.1,52.460359999999994
370,FRA,1975,73.0,1.9,52.699169999999995
371,FRA,1976,73.2,1.8,52.908669999999994
372,FRA,1977,73.8,1.9,53.14529
373,FRA,1978,73.9,1.8,53.37631999999999
374,FRA,1979,74.2,1.9,53.606230000000004
375,FRA,1980,74.3,1.9,53.88001
376,FRA,1981,74.5,1.9,54.181819999999995
377,FRA,1982,74.8,1.9,54.492490000000004
378,FRA,1983,74.8,1.8,54.77242
379,FRA,1984,75.3,1.8,55.02608000000001
380,FRA,1985,75.4,1.8,55.28426999999999
381,FRA,1986,75.7,1.8,55.54651
382,FRA,1987,76.3,1.8,55.82396
383,FRA,1988,76.6,1.8,56.11798
384,FRA,1989,76.7,1.8,56.42341
385,FRA,1990,77.0,1.8,56.708830000000006
386,FRA,1991,77.2,1.8,56.9756
387,FRA,1992,77.5,1.7,57.23985
388,FRA,1993,77.6,1.7,57.46709
389,FRA,1994,78.0,1.7,57.65877
390,FRA,1995,78.1,1.7,57.84425
391,FRA,1996,78.3,1.7,58.02599
392,FRA,1997,78.6,1.7,58.20749
393,FRA,1998,78.8,1.8,58.39779
394,FRA,1999,78.9,1.8,58.677409999999995
395,FRA,2000,79.2,1.9,59.06239
396,FRA,2001,79.3,1.9,59.47623000000001
397,FRA,2002,79.4,1.9,59.89386999999999
398,FRA,2003,79.3,1.9,60.303630000000005
399,FRA,2004,80.3,1.9,60.73434
400,FRA,2005,80.4,1.9,61.1815
401,FRA,2006,81.0,2.0,61.597480000000004
402,FRA,2007,81.2,2.0,61.96505
403,FRA,2008,81.4,2.0,62.300290000000004
404,FRA,2009,81.5,2.0,62.615469999999995
405,FRA,2010,81.8,2.0,62.917790000000004
406,FRA,2011,82.3,2.0,63.22316
407,FRA,2012,82.1,2.0,63.513999999999996
408,FRA,2013,82.3,2.0,63.78614
409,FRA,2014,82.8,2.0,64.06225
410,DEU,1960,69.1,2.4,55.585
411,DEU,1961,69.7,2.4,56.175
412,DEU,1962,69.9,2.4,56.836999999999996
413,DEU,1963,70.0,2.5,57.388999999999996
414,DEU,1964,70.6,2.5,57.971000000000004
415,DEU,1965,70.5,2.5,58.619
416,DEU,1966,70.6,2.5,59.148
417,DEU,1967,70.9,2.5,59.286
418,DEU,1968,70.5,2.4,59.5
419,DEU,1969,70.3,2.2,60.067
420,DEU,1970,70.6,2.0,60.651
421,DEU,1971,70.8,2.0,61.302
422,DEU,1972,71.0,1.7,61.672
423,DEU,1973,71.3,1.6,61.976000000000006
424,DEU,1974,71.5,1.5,62.053999999999995
425,DEU,1975,71.4,1.5,61.82899999999999
426,DEU,1976,71.8,1.5,61.531000000000006
427,DEU,1977,72.5,1.5,61.4
428,DEU,1978,72.4,1.5,61.327
429,DEU,1979,72.8,1.5,61.358999999999995
430,DEU,1980,72.9,1.6,61.566
431,DEU,1981,73.2,1.5,61.681999999999995
432,DEU,1982,73.5,1.5,61.638000000000005
433,DEU,1983,73.8,1.4,61.423
434,DEU,1984,74.3,1.4,61.175
435,DEU,1985,74.4,1.4,61.023999999999994
436,DEU,1986,74.6,1.4,61.066
437,DEU,1987,75.0,1.4,61.077
438,DEU,1988,75.2,1.5,61.45
439,DEU,1989,75.4,1.4,62.063
440,DEU,1990,75.3,1.5,63.254
441,DEU,1991,75.5,1.3,79.984
442,DEU,1992,76.0,1.3,80.595
443,DEU,1993,76.1,1.3,81.179
444,DEU,1994,76.4,1.2,81.422
445,DEU,1995,76.6,1.2,81.661
446,DEU,1996,76.9,1.3,81.895
447,DEU,1997,77.3,1.4,82.052
448,DEU,1998,77.7,1.4,82.029
449,DEU,1999,77.9,1.4,82.024
450,DEU,2000,78.2,1.4,82.16
451,DEU,2001,78.5,1.3,82.277
452,DEU,2002,78.5,1.3,82.456
453,DEU,2003,78.6,1.3,82.50200000000001
454,DEU,2004,79.2,1.4,82.491
455,DEU,2005,79.4,1.3,82.465
456,DEU,2006,79.8,1.3,82.369
457,DEU,2007,80.1,1.4,82.257
458,DEU,2008,80.2,1.4,82.135
459,DEU,2009,80.3,1.4,81.904
460,DEU,2010,80.5,1.4,81.715
461,DEU,2011,80.5,1.4,80.249
462,DEU,2012,80.6,1.4,80.413
463,DEU,2013,80.6,1.4,80.611
464,DEU,2014,81.2,1.5,80.896
465,GRC,1961,72.0,2.1,8.39805
466,GRC,1962,71.7,2.2,8.448233
467,GRC,1963,72.0,2.1,8.479625
468,GRC,1964,71.9,2.2,8.510429
469,GRC,1965,72.4,2.3,8.550333
470,GRC,1966,72.6,2.3,8.613650999999999
471,GRC,1967,72.3,2.5,8.684088000000001
472,GRC,1968,72.4,2.4,8.740765
473,GRC,1969,73.0,2.4,8.772764
474,GRC,1970,73.8,2.4,8.792806
475,GRC,1971,74.2,2.3,8.831036
476,GRC,1972,73.8,2.3,8.888628
477,GRC,1973,74.1,2.3,8.929086
478,GRC,1974,74.6,2.4,8.962021
479,GRC,1975,74.5,2.3,9.04654
480,GRC,1976,74.5,2.4,9.18815
481,GRC,1977,74.7,2.3,9.308479
482,GRC,1978,75.2,2.3,9.429959
483,GRC,1979,75.5,2.3,9.548258
484,GRC,1980,75.3,2.2,9.642505
485,GRC,1981,75.7,2.1,9.72935
486,GRC,1982,75.9,2.0,9.789513000000001
487,GRC,1983,75.7,1.9,9.846627
488,GRC,1984,76.2,1.8,9.895800999999999
489,GRC,1985,76.0,1.7,9.9343
490,GRC,1986,76.5,1.6,9.967213000000001
491,GRC,1987,76.3,1.5,10.000589999999999
492,GRC,1988,76.8,1.5,10.03698
493,GRC,1989,77.0,1.4,10.0895
494,GRC,1990,77.1,1.4,10.1569
495,GRC,1991,77.3,1.4,10.25629
496,GRC,1992,77.2,1.4,10.36987
497,GRC,1993,77.6,1.3,10.465530000000001
498,GRC,1994,77.8,1.3,10.55304
499,GRC,1995,77.8,1.3,10.63438
500,GRC,1996,78.0,1.3,10.70917
501,GRC,1997,78.4,1.3,10.7765
502,GRC,1998,78.4,1.2,10.83488
503,GRC,1999,78.5,1.2,10.88258
504,GRC,2000,78.6,1.3,10.91748
505,GRC,2001,79.1,1.3,10.95
506,GRC,2002,79.2,1.3,10.982999999999999
507,GRC,2003,79.3,1.3,11.015999999999998
508,GRC,2004,79.4,1.3,11.057
509,GRC,2005,79.7,1.3,11.093
510,GRC,2006,79.9,1.4,11.130999999999998
511,GRC,2007,79.7,1.4,11.163
512,GRC,2008,80.3,1.5,11.186
513,GRC,2009,80.4,1.5,11.185
514,GRC,2010,80.7,1.5,11.152999999999999
515,GRC,2011,80.8,1.4,11.124
516,GRC,2012,80.7,1.3,11.09
517,HUN,1960,68.1,2.0,9.984
518,HUN,1961,69.0,1.9,10.027999999999999
519,HUN,1962,67.9,1.8,10.061
520,HUN,1963,69.0,1.8,10.088
521,HUN,1964,69.5,1.8,10.12
522,HUN,1965,69.1,1.8,10.148
523,HUN,1966,69.9,1.9,10.179
524,HUN,1967,69.5,2.0,10.217
525,HUN,1968,69.3,2.1,10.255999999999998
526,HUN,1969,69.4,2.0,10.294
527,HUN,1970,69.2,2.0,10.338
528,HUN,1971,69.1,1.9,10.368
529,HUN,1972,69.8,1.9,10.398
530,HUN,1973,69.6,2.0,10.432
531,HUN,1974,69.3,2.3,10.479000000000001
532,HUN,1975,69.4,2.4,10.540999999999999
533,HUN,1976,69.7,2.3,10.599
534,HUN,1977,70.0,2.2,10.648
535,HUN,1978,69.5,2.1,10.685
536,HUN,1979,69.7,2.0,10.710999999999999
537,HUN,1980,69.2,1.9,10.710999999999999
538,HUN,1981,69.3,1.9,10.712
539,HUN,1982,69.5,1.8,10.706
540,HUN,1983,69.1,1.7,10.689
541,HUN,1984,69.2,1.7,10.668
542,HUN,1985,69.2,1.8,10.649000000000001
543,HUN,1986,69.3,1.8,10.630999999999998
544,HUN,1987,69.8,1.8,10.613
545,HUN,1988,70.2,1.8,10.595999999999998
546,HUN,1989,69.6,1.8,10.578
547,HUN,1990,69.5,1.8,10.374
548,HUN,1991,69.6,1.9,10.373
549,HUN,1992,69.4,1.8,10.369000000000002
550,HUN,1993,69.4,1.7,10.357999999999999
551,HUN,1994,69.8,1.6,10.343
552,HUN,1995,70.1,1.6,10.329
553,HUN,1996,70.7,1.5,10.311
554,HUN,1997,71.1,1.4,10.29
555,HUN,1998,71.1,1.3,10.267000000000001
556,HUN,1999,71.2,1.3,10.238
557,HUN,2000,71.9,1.3,10.211
558,HUN,2001,72.5,1.3,10.187999999999999
559,HUN,2002,72.5,1.3,10.158999999999999
560,HUN,2003,72.6,1.3,10.13
561,HUN,2004,73.0,1.3,10.107000000000001
562,HUN,2005,73.0,1.3,10.087
563,HUN,2006,73.5,1.4,10.071
564,HUN,2007,73.6,1.3,10.056000000000001
565,HUN,2008,74.2,1.4,10.038
566,HUN,2009,74.4,1.3,10.023
567,HUN,2010,74.7,1.3,10.0
568,HUN,2011,75.0,1.2,9.972000000000001
569,HUN,2012,75.2,1.3,9.92
570,HUN,2013,75.7,1.3,9.892999999999999
571,HUN,2014,75.9,1.4,9.863
572,ISL,1961,73.6,3.9,0.1789
573,ISL,1962,73.8,4.0,0.1821
574,ISL,1963,73.2,4.0,0.1855
575,ISL,1964,73.6,3.9,0.1888
576,ISL,1965,73.9,3.7,0.1923
577,ISL,1966,73.4,3.6,0.1956
578,ISL,1967,73.9,3.3,0.1988
579,ISL,1968,74.1,3.1,0.2015
580,ISL,1969,73.8,3.0,0.2034
581,ISL,1970,74.0,2.8,0.2045
582,ISL,1971,73.7,2.9,0.2062
583,ISL,1972,74.5,3.1,0.2092
584,ISL,1973,74.6,2.9,0.2123
585,ISL,1974,74.6,2.7,0.2152
586,ISL,1975,75.7,2.6,0.218
587,ISL,1976,77.1,2.5,0.2202
588,ISL,1977,76.5,2.3,0.2218
589,ISL,1978,76.7,2.3,0.2235
590,ISL,1980,77.0,2.5,0.2281
591,ISL,1981,76.6,2.3,0.2308
592,ISL,1982,77.1,2.3,0.23399999999999999
593,ISL,1983,77.0,2.2,0.237
594,ISL,1984,77.7,2.1,0.2395
595,ISL,1985,77.7,1.9,0.2414
596,ISL,1986,78.1,1.9,0.2432
597,ISL,1987,77.4,2.1,0.24600000000000002
598,ISL,1988,77.2,2.3,0.2499
599,ISL,1989,78.2,2.2,0.2527
600,ISL,1990,78.1,2.3,0.2548
601,ISL,1991,78.1,2.2,0.258
602,ISL,1992,78.8,2.2,0.2611
603,ISL,1993,79.0,2.2,0.2638
604,ISL,1994,79.3,2.1,0.266
605,ISL,1995,78.1,2.1,0.2674
606,ISL,1996,78.9,2.1,0.2689
607,ISL,1997,79.0,2.0,0.2709
608,ISL,1998,79.7,2.0,0.2738
609,ISL,1999,79.4,2.0,0.2772
610,ISL,2000,79.7,2.1,0.2812
611,ISL,2001,80.8,1.9,0.285054
612,ISL,2002,80.6,1.9,0.287559
613,ISL,2003,81.0,2.0,0.289272
614,ISL,2004,81.1,2.0,0.292587
615,ISL,2005,81.6,2.1,0.29586399999999996
616,ISL,2006,81.2,2.1,0.304334
617,ISL,2007,81.5,2.1,0.311396
618,ISL,2008,81.7,2.1,0.319355
619,ISL,2009,81.8,2.2,0.31924600000000003
620,ISL,2010,82.0,2.2,0.318006
621,ISL,2011,82.4,2.0,0.31901399999999996
622,ISL,2012,83.0,2.0,0.320716
623,ISL,2013,82.1,1.9,0.323764
624,ISL,2014,82.9,1.9,0.3273855
625,IRL,1960,70.0,3.8,2.8321
626,IRL,1970,71.2,3.9,2.9499
627,IRL,1978,71.5,3.2,3.3139999999999996
628,IRL,1979,72.3,3.2,3.3682
629,IRL,1980,72.9,3.2,3.4010000000000002
630,IRL,1981,72.9,3.1,3.4434
631,IRL,1982,72.9,3.0,3.48
632,IRL,1985,73.4,2.5,3.54
633,IRL,1986,73.6,2.4,3.5406
634,IRL,1987,74.5,2.3,3.5465
635,IRL,1988,74.5,2.2,3.5307
636,IRL,1989,74.5,2.1,3.5095
637,IRL,1990,74.9,2.1,3.5058
638,IRL,1991,75.1,2.1,3.5257
639,IRL,1992,75.5,2.0,3.5545
640,IRL,1993,75.3,1.9,3.5741
641,IRL,1994,75.9,1.9,3.5859
642,IRL,1995,75.6,1.9,3.6013
643,IRL,1996,75.9,1.9,3.6261
644,IRL,1997,76.1,1.9,3.6643
645,IRL,1998,76.3,2.0,3.7031
646,IRL,1999,76.2,1.9,3.7416
647,IRL,2000,76.6,1.9,3.7895
648,IRL,2001,77.2,2.0,3.8472
649,IRL,2002,77.7,2.0,3.9172
650,IRL,2003,78.2,2.0,3.9799
651,IRL,2004,78.6,2.0,4.0452
652,IRL,2005,79.0,1.9,4.1338
653,IRL,2006,79.3,1.9,4.2329
654,IRL,2007,79.7,2.0,4.3758
655,IRL,2008,80.2,2.1,4.4851
656,IRL,2009,80.3,2.1,4.5334
657,IRL,2010,80.8,2.1,4.5548
658,IRL,2011,80.8,2.0,4.5749
659,IRL,2012,80.9,2.0,4.5854
660,IRL,2013,81.0,2.0,4.5931
661,IRL,2014,81.4,2.0,4.6099
662,ITA,1961,69.8,2.4,49.156000000000006
663,ITA,1971,72.0,2.4,53.123999999999995
664,ITA,1974,72.6,2.3,54.39
665,ITA,1975,72.7,2.2,54.763999999999996
666,ITA,1976,72.8,2.1,55.07
667,ITA,1977,73.4,2.0,55.266000000000005
668,ITA,1978,73.8,1.9,55.446000000000005
669,ITA,1979,74.1,1.8,55.602
670,ITA,1980,74.0,1.7,55.657
671,ITA,1981,74.3,1.6,55.773999999999994
672,ITA,1982,74.7,1.6,55.995
673,ITA,1983,74.8,1.5,56.228
674,ITA,1984,75.0,1.5,56.343999999999994
675,ITA,1985,75.6,1.4,56.498000000000005
676,ITA,1986,75.9,1.4,56.576
677,ITA,1987,76.3,1.4,56.663999999999994
678,ITA,1988,76.5,1.4,56.763000000000005
679,ITA,1989,76.9,1.3,56.836999999999996
680,ITA,1990,77.1,1.4,56.736999999999995
681,ITA,1991,77.1,1.3,56.76
682,ITA,1992,77.5,1.3,56.858999999999995
683,ITA,1993,77.8,1.3,56.441930000000006
684,ITA,1994,78.0,1.2,56.62339
685,ITA,1995,78.3,1.2,56.74459
686,ITA,1996,78.6,1.2,56.82645
687,ITA,1997,78.9,1.2,56.94104
688,ITA,1998,79.1,1.2,57.040369999999996
689,ITA,1999,79.5,1.2,57.078
690,ITA,2000,79.9,1.3,57.18899999999999
691,ITA,2001,80.2,1.3,57.348
692,ITA,2002,80.3,1.3,57.474
693,ITA,2003,80.1,1.3,57.478
694,ITA,2004,80.9,1.3,57.29746
695,ITA,2005,80.9,1.3,57.71593000000001
696,ITA,2006,81.4,1.4,57.98418
697,ITA,2007,81.5,1.4,58.27189
698,ITA,2008,81.6,1.4,58.73968000000001
699,ITA,2009,81.7,1.4,59.14009
700,ITA,2010,82.1,1.4,59.41965
701,ITA,2011,82.3,1.4,59.659690000000005
702,ITA,2012,82.3,1.4,59.898030000000006
703,ITA,2013,82.8,1.4,60.22473000000001
704,ITA,2014,83.2,1.4,60.44791
705,JPN,1960,67.8,2.0,93.419
706,JPN,1961,68.4,2.0,94.285
707,JPN,1962,68.7,2.0,95.178
708,JPN,1963,69.8,2.0,96.156
709,JPN,1964,70.3,2.1,97.186
710,JPN,1965,70.3,2.1,98.275
711,JPN,1966,71.0,1.6,99.054
712,JPN,1967,71.5,2.2,100.243
713,JPN,1968,71.7,2.1,101.40799999999999
714,JPN,1969,71.9,2.1,102.648
715,JPN,1970,72.0,2.1,103.72
716,JPN,1971,72.9,2.2,105.014
717,JPN,1972,73.2,2.1,107.33200000000001
718,JPN,1973,73.4,2.1,108.71
719,JPN,1974,73.7,2.1,110.04899999999999
720,JPN,1975,74.3,1.9,111.94
721,JPN,1976,74.8,1.9,113.089
722,JPN,1977,75.3,1.8,114.154
723,JPN,1978,75.7,1.8,115.17399999999999
724,JPN,1979,76.2,1.8,116.133
725,JPN,1980,76.1,1.8,117.06
726,JPN,1981,76.5,1.7,117.884
727,JPN,1982,76.9,1.8,118.693
728,JPN,1983,77.0,1.8,119.48299999999999
729,JPN,1984,77.4,1.8,120.235
730,JPN,1985,77.6,1.8,121.04899999999999
731,JPN,1986,78.1,1.7,121.67200000000001
732,JPN,1987,78.5,1.7,122.264
733,JPN,1988,78.4,1.7,122.78299999999999
734,JPN,1989,78.8,1.6,123.255
735,JPN,1990,78.9,1.5,123.611
736,JPN,1991,79.1,1.5,124.04299999999999
737,JPN,1992,79.2,1.5,124.45200000000001
738,JPN,1993,79.4,1.5,124.764
739,JPN,1994,79.8,1.5,125.03399999999999
740,JPN,1995,79.6,1.4,125.57
741,JPN,1996,80.3,1.4,125.86399999999999
742,JPN,1997,80.5,1.4,126.166
743,JPN,1998,80.6,1.4,126.4864
744,JPN,1999,80.5,1.3,126.686
745,JPN,2000,81.2,1.4,126.926
746,JPN,2001,81.5,1.3,127.291
747,JPN,2002,81.8,1.3,127.435
748,JPN,2003,81.8,1.3,127.619
749,JPN,2004,82.1,1.3,127.68700000000001
750,JPN,2005,82.0,1.3,127.76799999999999
751,JPN,2006,82.4,1.3,127.77
752,JPN,2007,82.6,1.3,127.771
753,JPN,2008,82.7,1.4,127.69200000000001
754,JPN,2009,83.0,1.4,127.51
755,JPN,2010,82.9,1.4,128.05700000000002
756,JPN,2011,82.7,1.4,127.79899999999999
757,JPN,2012,83.2,1.4,127.515
758,JPN,2013,83.4,1.4,127.29799999999999
759,KOR,1970,62.3,4.5,32.240829999999995
760,KOR,1971,62.7,4.5,32.8827
761,KOR,1972,63.1,4.1,33.50541
762,KOR,1973,63.5,4.1,34.10315
763,KOR,1974,63.9,3.8,34.69227
764,KOR,1975,64.3,3.4,35.28073
765,KOR,1976,64.6,3.0,35.84852
766,KOR,1977,65.0,3.0,36.4118
767,KOR,1978,65.3,2.6,36.96918
768,KOR,1979,65.6,2.9,37.53423
769,KOR,1980,66.1,2.8,38.12377
770,KOR,1981,66.7,2.6,38.72325
771,KOR,1982,67.2,2.4,39.32635
772,KOR,1983,67.7,2.1,39.9104
773,KOR,1984,68.3,1.7,40.40596
774,KOR,1985,68.9,1.7,40.80574
775,KOR,1986,69.5,1.6,41.21368
776,KOR,1987,70.1,1.5,41.62169
777,KOR,1988,70.7,1.6,42.03125
778,KOR,1989,71.2,1.6,42.449040000000004
779,KOR,1990,71.7,1.6,42.869279999999996
780,KOR,1991,72.2,1.7,43.2957
781,KOR,1992,72.6,1.8,43.74796
782,KOR,1993,73.1,1.7,44.19463
783,KOR,1994,73.5,1.7,44.64154
784,KOR,1995,73.8,1.6,45.09299
785,KOR,1996,74.2,1.6,45.52468
786,KOR,1997,74.7,1.5,45.95358
787,KOR,1998,75.1,1.4,46.2865
788,KOR,1999,75.5,1.4,46.61668
789,KOR,2000,76.0,1.5,47.008109999999995
790,KOR,2001,76.5,1.3,47.35736
791,KOR,2002,76.8,1.2,47.62218
792,KOR,2003,77.3,1.2,47.85931
793,KOR,2004,77.8,1.2,48.03941
794,KOR,2005,78.2,1.1,48.13808
795,KOR,2006,78.8,1.1,48.37195
796,KOR,2007,79.2,1.3,48.59765
797,KOR,2008,79.6,1.2,48.9487
798,KOR,2009,80.0,1.1,49.18204
799,KOR,2010,80.2,1.2,49.41037
800,KOR,2011,80.6,1.2,49.77944
801,KOR,2012,80.9,1.3,50.00444
802,KOR,2013,81.4,1.2,50.22
803,KOR,2014,81.8,1.2,50.424
804,LUX,1960,69.4,2.3,0.313969
805,LUX,1971,69.7,2.0,0.34242
806,LUX,1972,70.9,1.8,0.3466
807,LUX,1973,70.8,1.6,0.35045
808,LUX,1974,70.8,1.6,0.35505
809,LUX,1975,70.8,1.6,0.35895
810,LUX,1976,70.8,1.5,0.36073099999999997
811,LUX,1977,72.2,1.5,0.36135700000000004
812,LUX,1978,72.1,1.5,0.362007
813,LUX,1979,72.8,1.5,0.36285500000000004
814,LUX,1980,72.8,1.5,0.36415
815,LUX,1981,72.6,1.6,0.365225
816,LUX,1982,72.7,1.5,0.365525
817,LUX,1983,73.5,1.4,0.365622
818,LUX,1984,73.3,1.4,0.365998
819,LUX,1985,73.8,1.4,0.366706
820,LUX,1986,74.7,1.4,0.36835500000000004
821,LUX,1987,74.3,1.4,0.37075
822,LUX,1988,75.0,1.5,0.37345
823,LUX,1989,74.8,1.5,0.3771
824,LUX,1990,75.6,1.6,0.38185
825,LUX,1991,75.7,1.6,0.387
826,LUX,1992,75.3,1.7,0.392175
827,LUX,1993,75.9,1.7,0.397475
828,LUX,1994,76.6,1.7,0.402925
829,LUX,1995,76.8,1.7,0.408625
830,LUX,1996,76.8,1.8,0.414225
831,LUX,1997,77.0,1.7,0.41945
832,LUX,1998,77.3,1.7,0.4247
833,LUX,1999,77.9,1.7,0.430475
834,LUX,2000,78.0,1.8,0.4363
835,LUX,2001,77.9,1.7,0.4415
836,LUX,2002,78.1,1.6,0.4462
837,LUX,2003,77.8,1.6,0.45
838,LUX,2004,79.2,1.7,0.455
839,LUX,2005,79.5,1.6,0.4612
840,LUX,2006,79.4,1.6,0.4691
841,LUX,2007,79.5,1.6,0.4762
842,LUX,2008,80.6,1.6,0.4838
843,LUX,2009,80.7,1.6,0.4935
844,LUX,2010,80.7,1.6,0.5021
845,LUX,2011,81.1,1.5,0.5118
846,LUX,2012,81.5,1.6,0.5249
847,LUX,2013,81.9,1.6,0.537
848,LUX,2014,82.3,1.5,0.5497
849,MEX,1970,60.9,6.7,50.78524
850,MEX,1971,62.4,6.6,52.345490000000005
851,MEX,1972,63.1,6.5,53.944990000000004
852,MEX,1973,63.7,6.4,55.57468000000001
853,MEX,1974,64.2,6.2,57.2322
854,MEX,1975,64.7,5.9,58.9102
855,MEX,1976,65.2,5.7,60.60077
856,MEX,1977,65.7,5.4,62.29748000000001
857,MEX,1978,66.1,5.2,63.99456
858,MEX,1979,66.6,4.9,65.68927
859,MEX,1980,67.2,4.7,67.38423
860,MEX,1981,67.7,4.5,69.08197
861,MEX,1982,68.2,4.3,70.78277
862,MEX,1983,68.6,4.2,72.47754
863,MEX,1984,69.1,4.0,74.15733
864,MEX,1985,69.5,3.9,75.82015
865,MEX,1986,69.9,3.8,77.46854
866,MEX,1987,70.2,3.7,79.10466
867,MEX,1988,70.6,3.6,80.73295999999999
868,MEX,1989,70.8,3.5,82.35509
869,MEX,1990,70.5,3.4,83.97102
870,MEX,1991,70.9,3.3,85.58334
871,MEX,1992,71.3,3.2,87.18483
872,MEX,1993,71.7,3.1,88.75202
873,MEX,1994,72.0,3.0,90.26576999999999
874,MEX,1995,72.3,3.0,91.72453
875,MEX,1996,72.5,2.9,93.13009
876,MEX,1997,72.8,2.8,94.47805
877,MEX,1998,73.0,2.8,95.79013
878,MEX,1999,73.2,2.7,97.11483
879,MEX,2000,73.3,2.6,98.43855
880,MEX,2001,73.5,2.6,99.71552
881,MEX,2002,73.6,2.6,100.9094
882,MEX,2003,73.8,2.5,101.9996
883,MEX,2004,73.9,2.5,103.0019
884,MEX,2005,74.0,2.5,107.15100000000001
885,MEX,2006,74.1,2.4,108.4088
886,MEX,2007,74.2,2.4,109.7874
887,MEX,2008,74.1,2.3,111.29899999999999
888,MEX,2009,74.0,2.3,112.8526
889,MEX,2010,74.1,2.3,114.2556
890,MEX,2011,74.2,2.3,115.6829
891,MEX,2012,74.4,2.2,117.0538
892,MEX,2013,74.6,2.2,118.3951
893,MEX,2014,74.8,2.2,119.713
894,NLD,1960,73.5,3.1,11.48663
895,NLD,1961,73.8,3.2,11.638710000000001
896,NLD,1962,73.4,3.2,11.80569
897,NLD,1963,73.4,3.2,11.96597
898,NLD,1964,73.8,3.2,12.12712
899,NLD,1965,73.6,3.0,12.29473
900,NLD,1966,73.6,2.9,12.45625
901,NLD,1967,73.9,2.8,12.5982
902,NLD,1968,73.7,2.7,12.72972
903,NLD,1969,73.6,2.7,12.87798
904,NLD,1970,73.7,2.6,13.03853
905,NLD,1971,73.9,2.4,13.1945
906,NLD,1972,73.8,2.2,13.32859
907,NLD,1973,74.2,1.9,13.43932
908,NLD,1974,74.6,1.8,13.545060000000001
909,NLD,1975,74.6,1.7,13.666329999999999
910,NLD,1976,74.7,1.6,13.77404
911,NLD,1977,75.3,1.6,13.856179999999998
912,NLD,1978,75.3,1.6,13.9417
913,NLD,1979,75.7,1.6,14.03827
914,NLD,1980,75.9,1.6,14.1498
915,NLD,1981,76.0,1.6,14.24721
916,NLD,1982,76.1,1.5,14.31269
917,NLD,1983,76.3,1.5,14.367070000000002
918,NLD,1984,76.4,1.5,14.42421
919,NLD,1985,76.5,1.5,14.491629999999999
920,NLD,1986,76.4,1.6,14.57228
921,NLD,1987,76.9,1.6,14.66504
922,NLD,1988,77.1,1.5,14.76009
923,NLD,1989,76.9,1.6,14.84891
924,NLD,1990,77.0,1.6,14.95151
925,NLD,1991,77.2,1.6,15.0698
926,NLD,1992,77.4,1.6,15.184170000000002
927,NLD,1993,77.1,1.6,15.290370000000001
928,NLD,1994,77.5,1.6,15.38284
929,NLD,1995,77.6,1.5,15.459010000000001
930,NLD,1996,77.6,1.5,15.5305
931,NLD,1997,78.0,1.6,15.61065
932,NLD,1998,78.0,1.6,15.70721
933,NLD,1999,77.9,1.7,15.81209
934,NLD,2000,78.2,1.7,15.925510000000001
935,NLD,2001,78.3,1.7,16.04618
936,NLD,2002,78.4,1.7,16.14893
937,NLD,2003,78.7,1.7,16.2253
938,NLD,2004,79.2,1.7,16.281779999999998
939,NLD,2005,79.5,1.7,16.31987
940,NLD,2006,79.9,1.7,16.3461
941,NLD,2007,80.3,1.7,16.3817
942,NLD,2008,80.5,1.8,16.44559
943,NLD,2009,80.8,1.8,16.53039
944,NLD,2010,81.0,1.8,16.615389999999998
945,NLD,2011,81.3,1.8,16.693070000000002
946,NLD,2012,81.2,1.7,16.75496
947,NLD,2013,81.4,1.7,16.80443
948,NZL,1961,71.1,4.3,2.427
949,NZL,1962,71.2,4.2,2.485
950,NZL,1963,71.2,4.1,2.537
951,NZL,1964,71.2,3.8,2.589
952,NZL,1965,71.2,3.5,2.635
953,NZL,1966,71.3,3.4,2.6830000000000003
954,NZL,1967,71.4,3.3,2.728
955,NZL,1968,71.4,3.3,2.7539999999999996
956,NZL,1969,71.5,3.3,2.78
957,NZL,1970,71.5,3.2,2.82
958,NZL,1971,71.6,3.2,2.864
959,NZL,1972,71.7,3.0,2.9130000000000003
960,NZL,1973,71.8,2.8,2.971
961,NZL,1974,72.0,2.6,3.032
962,NZL,1975,72.1,2.4,3.0869999999999997
963,NZL,1976,72.3,2.3,3.116
964,NZL,1977,72.5,2.2,3.128
965,NZL,1978,72.7,2.1,3.1289999999999996
966,NZL,1979,72.9,2.1,3.1239999999999997
967,NZL,1980,73.2,2.0,3.1439999999999997
968,NZL,1981,73.4,2.0,3.157
969,NZL,1982,73.6,1.9,3.1830000000000003
970,NZL,1983,73.7,1.9,3.2260000000000004
971,NZL,1984,73.8,1.9,3.258
972,NZL,1985,74.0,1.9,3.272
973,NZL,1986,74.1,2.0,3.2769999999999997
974,NZL,1987,74.5,2.0,3.304
975,NZL,1988,74.8,2.1,3.3169999999999997
976,NZL,1989,75.2,2.1,3.33
977,NZL,1990,75.5,2.2,3.363
978,NZL,1991,75.8,2.1,3.4951
979,NZL,1992,76.1,2.1,3.5317
980,NZL,1993,76.3,2.0,3.5722
981,NZL,1994,76.6,2.0,3.62
982,NZL,1995,76.8,2.0,3.6734
983,NZL,1996,77.1,2.0,3.7319999999999998
984,NZL,1997,77.4,2.0,3.7813
985,NZL,1998,77.7,1.9,3.815
986,NZL,1999,78.1,2.0,3.8351
987,NZL,2000,78.4,2.0,3.8577
988,NZL,2001,78.7,2.0,3.8805
989,NZL,2002,79.0,1.9,3.9485
990,NZL,2003,79.3,1.9,4.0272
991,NZL,2004,79.6,2.0,4.0875
992,NZL,2005,79.8,2.0,4.1339
993,NZL,2006,80.1,2.0,4.1846
994,NZL,2007,80.3,2.2,4.2238
995,NZL,2008,80.5,2.2,4.2598
996,NZL,2009,80.7,2.1,4.3026
997,NZL,2010,80.8,2.2,4.3507
998,NZL,2011,81.0,2.1,4.3839999999999995
999,NZL,2012,81.2,2.1,4.4081
1000,NZL,2013,81.4,2.0,4.4421
1001,NZL,2014,81.5,1.9,4.5097
1002,NOR,1960,73.8,2.9,3.585
1003,NOR,1961,73.8,2.9,3.615
1004,NOR,1962,73.7,2.9,3.639
1005,NOR,1963,73.4,2.9,3.667
1006,NOR,1964,73.9,3.0,3.694
1007,NOR,1965,74.0,2.9,3.7230000000000003
1008,NOR,1966,74.3,2.9,3.753
1009,NOR,1967,74.3,2.8,3.785
1010,NOR,1968,74.2,2.8,3.819
1011,NOR,1969,74.0,2.7,3.8510000000000004
1012,NOR,1970,74.4,2.5,3.8789999999999996
1013,NOR,1971,74.4,2.5,3.903
1014,NOR,1972,74.6,2.4,3.9330000000000003
1015,NOR,1973,74.7,2.2,3.9610000000000003
1016,NOR,1974,75.1,2.1,3.985
1017,NOR,1975,75.1,2.0,4.007
1018,NOR,1976,75.3,1.9,4.026
1019,NOR,1977,75.7,1.8,4.043
1020,NOR,1978,75.8,1.8,4.059
1021,NOR,1979,75.8,1.8,4.073
1022,NOR,1980,75.9,1.7,4.086
1023,NOR,1981,76.1,1.7,4.1
1024,NOR,1982,76.2,1.7,4.115
1025,NOR,1983,76.3,1.7,4.128
1026,NOR,1984,76.4,1.7,4.14
1027,NOR,1985,76.1,1.7,4.1530000000000005
1028,NOR,1986,76.5,1.7,4.169
1029,NOR,1987,76.3,1.7,4.187
1030,NOR,1988,76.4,1.8,4.209
1031,NOR,1989,76.7,1.9,4.227
1032,NOR,1990,76.7,1.9,4.2410000000000005
1033,NOR,1991,77.1,1.9,4.262
1034,NOR,1992,77.4,1.9,4.287
1035,NOR,1993,77.3,1.9,4.312
1036,NOR,1994,77.9,1.9,4.337
1037,NOR,1995,77.9,1.9,4.358979
1038,NOR,1996,78.3,1.9,4.381335
1039,NOR,1997,78.3,1.9,4.405157
1040,NOR,1998,78.5,1.8,4.431464
1041,NOR,1999,78.4,1.8,4.462
1042,NOR,2000,78.8,1.9,4.4910000000000005
1043,NOR,2001,78.9,1.8,4.513999999999999
1044,NOR,2002,79.0,1.8,4.538
1045,NOR,2003,79.6,1.8,4.564
1046,NOR,2004,80.1,1.8,4.5919099999999995
1047,NOR,2005,80.3,1.8,4.623291
1048,NOR,2006,80.6,1.9,4.6610000000000005
1049,NOR,2007,80.6,1.9,4.709
1050,NOR,2008,80.8,2.0,4.768
1051,NOR,2009,81.0,2.0,4.8287260000000005
1052,NOR,2010,81.2,1.9,4.888999999999999
1053,NOR,2011,81.4,1.9,4.953
1054,NOR,2012,81.5,1.9,5.019
1055,NOR,2013,81.8,1.8,5.08
1056,NOR,2014,82.2,1.8,5.1370000000000005
1057,POL,1960,67.8,3.0,29.561
1058,POL,1961,67.8,2.8,29.965
1059,POL,1962,67.5,2.7,30.324
1060,POL,1963,68.5,2.7,30.691
1061,POL,1964,68.7,2.6,31.160999999999998
1062,POL,1965,69.5,2.5,31.496
1063,POL,1966,69.9,2.3,31.698
1064,POL,1967,69.5,2.3,31.944000000000003
1065,POL,1968,70.3,2.2,32.305
1066,POL,1969,69.8,2.2,32.555
1067,POL,1970,70.0,2.2,32.525999999999996
1068,POL,1971,69.7,2.3,32.805
1069,POL,1972,70.7,2.2,33.068000000000005
1070,POL,1973,70.7,2.3,33.363
1071,POL,1974,71.2,2.3,33.691
1072,POL,1975,70.6,2.3,34.022
1073,POL,1976,70.7,2.3,34.361999999999995
1074,POL,1977,70.5,2.2,34.698
1075,POL,1978,70.4,2.2,35.01
1076,POL,1979,70.9,2.3,35.257
1077,POL,1980,70.2,2.3,35.578
1078,POL,1981,71.2,2.2,35.902
1079,POL,1982,71.2,2.3,36.227
1080,POL,1983,71.1,2.4,36.571
1081,POL,1984,70.9,2.4,36.914
1082,POL,1985,71.1,2.3,37.203
1083,POL,1986,71.0,2.2,37.455999999999996
1084,POL,1987,71.5,2.2,37.664
1085,POL,1988,71.5,2.1,37.861999999999995
1086,POL,1989,71.2,2.1,37.937
1087,POL,1990,70.8,2.0,38.031
1088,POL,1991,70.5,2.0,38.109
1089,POL,1992,71.1,1.9,38.173
1090,POL,1993,71.6,1.8,38.221
1091,POL,1994,71.8,1.7,38.251999999999995
1092,POL,1995,72.1,1.5,38.275
1093,POL,1996,72.4,1.5,38.289
1094,POL,1997,72.8,1.5,38.292
1095,POL,1998,73.2,1.4,38.283
1096,POL,1999,73.2,1.4,38.27
1097,POL,2000,73.8,1.4,38.256
1098,POL,2001,74.2,1.3,38.251
1099,POL,2002,74.6,1.2,38.232
1100,POL,2003,74.7,1.2,38.195
1101,POL,2004,74.9,1.2,38.18
1102,POL,2005,75.1,1.2,38.161
1103,POL,2006,75.3,1.3,38.132
1104,POL,2007,75.4,1.3,38.116
1105,POL,2008,75.7,1.4,38.116
1106,POL,2009,75.8,1.4,38.153
1107,POL,2010,76.5,1.4,38.516999999999996
1108,POL,2011,76.8,1.3,38.525999999999996
1109,POL,2012,76.9,1.3,38.534
1110,POL,2013,77.1,1.3,38.501999999999995
1111,POL,2014,77.7,1.3,38.484
1112,PRT,1960,63.9,3.1,8.857716
1113,PRT,1961,62.7,3.2,8.929316
1114,PRT,1962,64.1,3.2,8.993985
1115,PRT,1963,64.7,3.1,9.030355
1116,PRT,1964,64.9,3.2,9.035364999999999
1117,PRT,1965,65.8,3.1,8.998595
1118,PRT,1966,65.2,3.1,8.93099
1119,PRT,1967,66.0,3.1,8.87452
1120,PRT,1968,66.4,3.0,8.83665
1121,PRT,1969,65.9,3.0,8.757705
1122,PRT,1970,66.7,2.8,8.680431
1123,PRT,1971,66.4,2.8,8.643756
1124,PRT,1972,68.4,2.7,8.63043
1125,PRT,1973,67.5,2.7,8.6331
1126,PRT,1974,68.1,2.6,8.754365
1127,PRT,1975,68.4,2.6,9.09347
1128,PRT,1976,69.0,2.6,9.35581
1129,PRT,1977,70.1,2.5,9.455675
1130,PRT,1978,70.5,2.3,9.55825
1131,PRT,1979,71.3,2.2,9.661265
1132,PRT,1980,71.4,2.2,9.766312
1133,PRT,1981,71.7,2.1,9.851362
1134,PRT,1982,72.5,2.1,9.911769999999999
1135,PRT,1983,72.4,2.0,9.957865
1136,PRT,1984,72.7,1.9,9.996232000000001
1137,PRT,1985,73.0,1.7,10.023610000000001
1138,PRT,1986,73.4,1.7,10.03273
1139,PRT,1987,73.8,1.6,10.03003
1140,PRT,1988,73.8,1.6,10.01961
1141,PRT,1989,74.4,1.6,10.005
1142,PRT,1990,74.1,1.6,9.983217999999999
1143,PRT,1991,74.1,1.6,9.960235
1144,PRT,1992,74.7,1.5,9.952492999999999
1145,PRT,1993,74.6,1.5,9.964674
1146,PRT,1994,75.5,1.4,9.991525
1147,PRT,1995,75.4,1.4,10.02618
1148,PRT,1996,75.3,1.4,10.063939999999999
1149,PRT,1997,75.8,1.5,10.10898
1150,PRT,1998,76.0,1.5,10.1602
1151,PRT,1999,76.3,1.5,10.217830000000001
1152,PRT,2000,76.9,1.6,10.2899
1153,PRT,2001,77.2,1.5,10.36272
1154,PRT,2002,77.4,1.5,10.41963
1155,PRT,2003,77.5,1.4,10.45882
1156,PRT,2004,78.4,1.4,10.48386
1157,PRT,2005,78.2,1.4,10.50333
1158,PRT,2006,79.0,1.4,10.52229
1159,PRT,2007,79.2,1.4,10.54296
1160,PRT,2008,79.5,1.4,10.55818
1161,PRT,2009,79.7,1.4,10.56825
1162,PRT,2010,80.0,1.4,10.5731
1163,PRT,2011,80.6,1.4,10.55756
1164,PRT,2012,80.5,1.3,10.51484
1165,PRT,2013,80.8,1.2,10.457289999999999
1166,SVK,1960,70.3,3.1,4.068094
1167,SVK,1961,70.9,3.0,4.191667
1168,SVK,1962,70.4,2.8,4.238188
1169,SVK,1963,70.8,2.9,4.2820160000000005
1170,SVK,1964,71.2,2.9,4.3273410000000005
1171,SVK,1965,70.4,2.8,4.370983
1172,SVK,1966,70.6,2.7,4.411666
1173,SVK,1967,71.2,2.5,4.449367
1174,SVK,1968,70.7,2.4,4.4839139999999995
1175,SVK,1969,70.1,2.4,4.518607
1176,SVK,1970,70.0,2.4,4.538222
1177,SVK,1971,70.0,2.4,4.557448
1178,SVK,1972,70.5,2.5,4.596621
1179,SVK,1973,70.1,2.6,4.641444
1180,SVK,1974,70.3,2.6,4.689623
1181,SVK,1975,70.5,2.5,4.739105
1182,SVK,1976,70.6,2.5,4.789505999999999
1183,SVK,1977,70.6,2.5,4.8405
1184,SVK,1978,70.6,2.5,4.890124
1185,SVK,1979,70.9,2.4,4.938972
1186,SVK,1980,70.6,2.3,4.979815
1187,SVK,1981,70.9,2.3,5.0161050000000005
1188,SVK,1982,71.0,2.3,5.055098
1189,SVK,1983,70.7,2.3,5.091971
1190,SVK,1984,71.0,2.3,5.127097
1191,SVK,1985,71.0,2.3,5.161767
1192,SVK,1986,71.2,2.2,5.193837
1193,SVK,1987,71.4,2.1,5.22284
1194,SVK,1988,71.5,2.1,5.250596
1195,SVK,1989,71.3,2.1,5.275941
1196,SVK,1990,71.2,2.1,5.299187
1197,SVK,1991,71.2,2.0,5.303294
1198,SVK,1992,71.6,2.0,5.305016
1199,SVK,1993,72.1,1.9,5.325305
1200,SVK,1994,72.5,1.7,5.346331
1201,SVK,1995,72.5,1.5,5.361998000000001
1202,SVK,1996,72.9,1.5,5.373361
1203,SVK,1997,72.9,1.4,5.383291000000001
1204,SVK,1998,72.8,1.4,5.390516000000001
1205,SVK,1999,73.2,1.3,5.396019
1206,SVK,2000,73.4,1.3,5.388719999999999
1207,SVK,2001,73.6,1.2,5.378867
1208,SVK,2002,73.8,1.2,5.376912
1209,SVK,2003,73.8,1.2,5.373374
1210,SVK,2004,74.2,1.2,5.37228
1211,SVK,2005,74.2,1.3,5.372806
1212,SVK,2006,74.4,1.2,5.373054
1213,SVK,2007,74.5,1.3,5.3746220000000005
1214,SVK,2008,75.0,1.3,5.379232
1215,SVK,2009,75.3,1.4,5.386405
1216,SVK,2010,75.6,1.4,5.391427999999999
1217,SVK,2011,76.1,1.5,5.398384
1218,SVK,2012,76.2,1.3,5.407579
1219,SVK,2013,76.5,1.3,5.4159489999999995
1220,ESP,1960,69.8,2.9,30.256
1221,ESP,1970,72.0,2.9,33.75282
1222,ESP,1975,73.4,2.8,35.687709999999996
1223,ESP,1976,73.7,2.8,36.11804
1224,ESP,1977,74.2,2.7,36.56384
1225,ESP,1978,74.4,2.6,36.971470000000004
1226,ESP,1979,74.9,2.4,37.28901
1227,ESP,1980,75.4,2.2,37.52691
1228,ESP,1981,75.7,2.0,37.76446
1229,ESP,1982,76.3,1.9,37.987109999999994
1230,ESP,1983,76.0,1.8,38.16026
1231,ESP,1984,76.4,1.7,38.32524
1232,ESP,1985,76.4,1.6,38.46702
1233,ESP,1986,76.7,1.6,38.571940000000005
1234,ESP,1987,76.9,1.5,38.682320000000004
1235,ESP,1988,76.9,1.5,38.764309999999995
1236,ESP,1989,77.0,1.4,38.82138
1237,ESP,1990,77.0,1.4,38.86083
1238,ESP,1991,77.1,1.3,38.94162
1239,ESP,1992,77.6,1.3,39.147940000000006
1240,ESP,1993,77.7,1.3,39.35608
1241,ESP,1994,78.1,1.2,39.54735
1242,ESP,1995,78.1,1.2,39.71889
1243,ESP,1996,78.3,1.2,39.88425
1244,ESP,1997,78.8,1.2,40.04997
1245,ESP,1998,78.9,1.2,40.21407
1246,ESP,1999,78.8,1.2,40.36967
1247,ESP,2000,79.3,1.2,40.554390000000005
1248,ESP,2001,79.8,1.2,40.76605
1249,ESP,2002,79.9,1.3,41.42352
1250,ESP,2003,79.7,1.3,42.19623
1251,ESP,2004,80.4,1.3,42.85917
1252,ESP,2005,80.3,1.3,43.66261
1253,ESP,2006,81.1,1.4,44.36052
1254,ESP,2007,81.2,1.4,45.236000000000004
1255,ESP,2008,81.5,1.5,45.98317
1256,ESP,2009,81.9,1.4,46.36755
1257,ESP,2010,82.4,1.4,46.56248
1258,ESP,2011,82.6,1.3,46.736259999999994
1259,ESP,2012,82.5,1.3,46.7664
1260,ESP,2013,83.2,1.3,46.59323
1261,ESP,2014,83.3,1.3,46.46405
1262,SWE,1960,73.1,2.2,7.484656
1263,SWE,1961,73.5,2.2,7.519997
1264,SWE,1962,73.4,2.3,7.561588
1265,SWE,1963,73.6,2.3,7.6043270000000005
1266,SWE,1964,73.8,2.5,7.661353
1267,SWE,1965,73.9,2.4,7.733853
1268,SWE,1966,74.2,2.4,7.807797
1269,SWE,1967,74.2,2.3,7.867931
1270,SWE,1968,74.1,2.1,7.912273
1271,SWE,1969,74.2,1.9,7.968071000000001
1272,SWE,1970,74.8,1.9,8.0428
1273,SWE,1971,74.8,2.0,8.098334
1274,SWE,1972,74.8,1.9,8.122299
1275,SWE,1973,75.0,1.9,8.136312
1276,SWE,1974,75.1,1.9,8.159955
1277,SWE,1975,75.2,1.8,8.192437
1278,SWE,1976,75.1,1.7,8.222285000000001
1279,SWE,1977,75.6,1.6,8.251539999999999
1280,SWE,1978,75.7,1.6,8.275598
1281,SWE,1979,75.7,1.7,8.293677
1282,SWE,1980,75.9,1.7,8.31053
1283,SWE,1981,76.2,1.6,8.320502000000001
1284,SWE,1982,76.5,1.6,8.325263
1285,SWE,1983,76.7,1.6,8.329032000000002
1286,SWE,1984,77.0,1.7,8.336605
1287,SWE,1985,76.8,1.7,8.350386
1288,SWE,1986,77.1,1.8,8.369829
1289,SWE,1987,77.3,1.8,8.397803999999999
1290,SWE,1988,77.1,2.0,8.436488
1291,SWE,1989,77.8,2.0,8.492963
1292,SWE,1990,77.7,2.1,8.558834
1293,SWE,1991,77.9,2.1,8.617375
1294,SWE,1992,78.2,2.1,8.668066
1295,SWE,1993,78.2,2.0,8.718561
1296,SWE,1994,78.9,1.9,8.780745
1297,SWE,1995,79.0,1.7,8.826938
1298,SWE,1996,79.2,1.6,8.840997
1299,SWE,1997,79.4,1.5,8.846062
1300,SWE,1998,79.5,1.5,8.850973
1301,SWE,1999,79.6,1.5,8.857874
1302,SWE,2000,79.7,1.5,8.872109
1303,SWE,2001,79.9,1.6,8.89596
1304,SWE,2002,79.9,1.7,8.924958
1305,SWE,2003,80.3,1.7,8.958229
1306,SWE,2004,80.6,1.8,8.993530999999999
1307,SWE,2005,80.7,1.8,9.029572
1308,SWE,2006,81.0,1.9,9.080504
1309,SWE,2007,81.1,1.9,9.148092
1310,SWE,2008,81.3,1.9,9.219636999999999
1311,SWE,2009,81.5,1.9,9.298513999999999
1312,SWE,2010,81.6,2.0,9.378126
1313,SWE,2011,81.9,1.9,9.449212
1314,SWE,2012,81.8,1.9,9.519374000000001
1315,SWE,2013,82.0,1.9,9.609
1316,CHE,1960,71.4,2.4,5.327827
1317,CHE,1961,71.8,2.5,5.434294
1318,CHE,1962,71.3,2.6,5.573815
1319,CHE,1963,71.3,2.7,5.694247
1320,CHE,1964,72.2,2.7,5.789228
1321,CHE,1965,72.3,2.6,5.856472
1322,CHE,1966,72.5,2.5,5.9180019999999995
1323,CHE,1967,72.8,2.4,5.991785
1324,CHE,1968,72.7,2.3,6.0677129999999995
1325,CHE,1969,72.7,2.2,6.136387
1326,CHE,1970,73.1,2.1,6.1808819999999995
1327,CHE,1971,73.3,2.0,6.213405000000001
1328,CHE,1972,73.8,1.9,6.260956
1329,CHE,1973,74.1,1.8,6.307348
1330,CHE,1974,74.4,1.7,6.341406
1331,CHE,1975,74.8,1.6,6.338632
1332,CHE,1976,74.9,1.5,6.302505
1333,CHE,1977,75.4,1.5,6.281175
1334,CHE,1978,75.4,1.5,6.281737000000001
1335,CHE,1979,75.7,1.5,6.294364
1336,CHE,1980,75.7,1.6,6.319408999999999
1337,CHE,1981,75.9,1.5,6.3540730000000005
1338,CHE,1982,76.2,1.6,6.391309
1339,CHE,1983,76.2,1.5,6.418774
1340,CHE,1984,76.9,1.5,6.441865
1341,CHE,1985,77.0,1.5,6.470366
1342,CHE,1986,77.1,1.5,6.504125
1343,CHE,1987,77.5,1.5,6.545107
1344,CHE,1988,77.5,1.6,6.593387
1345,CHE,1989,77.7,1.6,6.6469119999999995
1346,CHE,1990,77.5,1.6,6.712273
1347,CHE,1991,77.8,1.6,6.7999789999999996
1348,CHE,1992,78.0,1.6,6.875364
1349,CHE,1993,78.4,1.5,6.9382649999999995
1350,CHE,1994,78.6,1.5,6.9937949999999995
1351,CHE,1995,78.7,1.5,7.040686999999999
1352,CHE,1996,79.1,1.5,7.071851
1353,CHE,1997,79.3,1.5,7.088906
1354,CHE,1998,79.6,1.5,7.110002000000001
1355,CHE,1999,79.8,1.5,7.143991000000001
1356,CHE,2000,79.9,1.5,7.18425
1357,CHE,2001,80.4,1.4,7.226647
1358,CHE,2002,80.6,1.4,7.2847539999999995
1359,CHE,2003,80.6,1.4,7.3389999999999995
1360,CHE,2004,81.2,1.4,7.389625
1361,CHE,2005,81.4,1.4,7.4371149999999995
1362,CHE,2006,81.7,1.4,7.483934
1363,CHE,2007,82.0,1.5,7.551117
1364,CHE,2008,82.2,1.5,7.647675
1365,CHE,2009,82.3,1.5,7.743831
1366,CHE,2010,82.6,1.5,7.82797
1367,CHE,2011,82.8,1.5,7.912398
1368,CHE,2012,82.8,1.5,7.996861
1369,CHE,2013,82.9,1.5,8.14
1370,TUR,1960,48.3,6.4,27.506
1371,TUR,1961,49.0,6.3,28.226999999999997
1372,TUR,1962,49.7,6.3,28.930999999999997
1373,TUR,1963,50.3,6.2,29.651999999999997
1374,TUR,1964,51.0,6.0,30.391
1375,TUR,1965,51.6,5.8,31.149
1376,TUR,1966,52.2,5.7,31.936
1377,TUR,1967,52.9,5.5,32.75
1378,TUR,1968,53.4,5.3,33.586
1379,TUR,1969,53.8,5.2,34.443000000000005
1380,TUR,1970,54.2,5.0,35.321
1381,TUR,1971,54.6,5.0,36.215
1382,TUR,1972,55.0,5.0,37.133
1383,TUR,1973,55.4,5.6,38.073
1384,TUR,1974,55.7,5.5,39.037
1385,TUR,1975,56.1,5.3,40.025999999999996
1386,TUR,1976,56.5,5.2,40.916
1387,TUR,1977,56.9,4.9,41.769
1388,TUR,1978,57.3,5.1,42.641000000000005
1389,TUR,1979,57.7,4.8,43.531000000000006
1390,TUR,1980,58.1,4.6,44.43899999999999
1391,TUR,1981,58.5,4.4,45.54
1392,TUR,1982,58.9,4.2,46.688
1393,TUR,1983,59.7,4.1,47.864
1394,TUR,1984,60.9,3.9,49.07
1395,TUR,1985,62.1,3.8,50.306999999999995
1396,TUR,1986,63.2,3.6,51.48
1397,TUR,1987,64.4,3.4,52.37
1398,TUR,1988,65.2,3.3,53.268
1399,TUR,1989,65.7,3.4,54.192
1400,TUR,1990,67.5,3.1,55.12
1401,TUR,1991,67.8,3.0,56.055
1402,TUR,1992,68.2,2.9,56.986000000000004
1403,TUR,1993,68.5,2.9,57.913000000000004
1404,TUR,1994,68.9,2.8,58.836999999999996
1405,TUR,1995,69.3,2.8,59.756
1406,TUR,1996,69.7,2.7,60.67100000000001
1407,TUR,1997,70.1,2.6,61.582
1408,TUR,1998,70.3,2.6,62.464
1409,TUR,1999,70.7,2.5,63.364
1410,TUR,2000,71.1,2.3,64.26875
1411,TUR,2001,71.5,2.4,65.16633
1412,TUR,2002,71.9,2.2,66.00251
1413,TUR,2003,72.3,2.1,66.79455
1414,TUR,2004,72.7,2.1,67.59873
1415,TUR,2005,73.1,2.1,68.43538000000001
1416,TUR,2006,73.4,2.1,69.29525
1417,TUR,2007,73.7,2.2,70.15811
1418,TUR,2008,73.9,2.2,71.05168
1419,TUR,2009,74.1,2.1,72.0392
1420,TUR,2010,74.3,2.1,73.14215
1421,TUR,2011,74.6,2.0,74.22363
1422,TUR,2012,74.6,2.1,75.17583
1423,TUR,2013,78.0,2.1,76.05462
1424,TUR,2014,78.0,2.2,76.90287
1425,GBR,1960,70.8,2.7,52.373000000000005
1426,GBR,1961,70.7,2.8,52.806999999999995
1427,GBR,1970,71.9,2.4,55.632
1428,GBR,1971,71.9,2.4,55.928000000000004
1429,GBR,1980,73.2,1.9,56.33
1430,GBR,1981,73.8,1.8,56.357
1431,GBR,1982,74.1,1.8,56.291000000000004
1432,GBR,1983,74.3,1.8,56.316
1433,GBR,1984,74.5,1.8,56.409
1434,GBR,1985,74.7,1.8,56.553999999999995
1435,GBR,1986,74.8,1.8,56.684
1436,GBR,1987,75.2,1.8,56.803999999999995
1437,GBR,1988,75.3,1.8,56.916000000000004
1438,GBR,1989,75.4,1.8,57.076
1439,GBR,1990,75.7,1.8,57.236999999999995
1440,GBR,1991,75.9,1.8,57.43899999999999
1441,GBR,1992,76.3,1.8,57.585
1442,GBR,1993,76.2,1.8,57.714
1443,GBR,1994,76.8,1.7,57.861999999999995
1444,GBR,1995,76.7,1.7,58.025
1445,GBR,1996,76.9,1.7,58.163999999999994
1446,GBR,1997,77.2,1.7,58.31399999999999
1447,GBR,1998,77.3,1.7,58.475
1448,GBR,1999,77.5,1.7,58.684
1449,GBR,2000,77.9,1.6,58.886
1450,GBR,2001,78.2,1.6,59.113
1451,GBR,2002,78.3,1.6,58.569630000000004
1452,GBR,2003,78.4,1.7,58.83895
1453,GBR,2004,79.0,1.8,59.149119999999996
1454,GBR,2005,79.2,1.8,59.59104
1455,GBR,2006,79.5,1.8,60.00257
1456,GBR,2007,79.7,1.9,60.48181999999999
1457,GBR,2008,79.8,1.9,60.982380000000006
1458,GBR,2009,80.4,1.9,61.423719999999996
1459,GBR,2010,80.6,1.9,61.914640000000006
1460,GBR,2011,81.0,1.9,62.4352
1461,GBR,2012,81.0,1.9,62.8588
1462,GBR,2013,81.1,1.8,63.23794
1463,GBR,2014,81.4,1.8,63.650009999999995
1464,USA,1960,69.9,3.7,180.6712
1465,USA,1961,70.4,3.6,183.6915
1466,USA,1962,70.2,3.5,186.5377
1467,USA,1963,70.0,3.3,189.2418
1468,USA,1964,70.3,3.2,191.8888
1469,USA,1965,70.3,2.9,194.303
1470,USA,1966,70.3,2.7,196.5603
1471,USA,1967,70.7,2.6,198.7121
1472,USA,1968,70.4,2.5,200.706
1473,USA,1969,70.6,2.5,202.67700000000002
1474,USA,1970,70.9,2.5,205.0522
1475,USA,1971,71.2,2.3,207.6607
1476,USA,1972,71.3,2.0,209.896
1477,USA,1973,71.5,1.9,211.9088
1478,USA,1974,72.1,1.8,213.8539
1479,USA,1975,72.7,1.8,215.9732
1480,USA,1976,73.0,1.7,218.0352
1481,USA,1977,73.4,1.8,220.2394
1482,USA,1978,73.5,1.8,222.5845
1483,USA,1979,73.9,1.8,225.0555
1484,USA,1980,73.7,1.8,227.2247
1485,USA,1981,74.1,1.8,229.4657
1486,USA,1982,74.5,1.8,231.6645
1487,USA,1983,74.6,1.8,233.792
1488,USA,1984,74.7,1.8,235.8249
1489,USA,1985,74.7,1.8,237.9238
1490,USA,1986,74.7,1.8,240.1329
1491,USA,1987,74.9,1.9,242.2889
1492,USA,1988,74.9,1.9,244.49900000000002
1493,USA,1989,75.1,2.0,246.8192
1494,USA,1990,75.3,2.1,249.6228
1495,USA,1991,75.5,2.1,252.9809
1496,USA,1992,75.7,2.0,256.5142
1497,USA,1993,75.5,2.0,259.9186
1498,USA,1994,75.7,2.0,263.1258
1499,USA,1995,75.7,2.0,266.2784
1500,USA,1996,76.1,2.0,269.3943
1501,USA,1997,76.5,2.0,272.6469
1502,USA,1998,76.7,2.0,275.8541
1503,USA,1999,76.7,2.0,279.0402
1504,USA,2000,76.7,2.1,282.1624
1505,USA,2001,76.9,2.0,284.969
1506,USA,2002,77.0,2.0,287.6252
1507,USA,2003,77.1,2.0,290.1079
1508,USA,2004,77.6,2.0,292.8053
1509,USA,2005,77.6,2.1,295.5166
1510,USA,2006,77.8,2.1,298.3799
1511,USA,2007,78.1,2.1,301.2312
1512,USA,2008,78.1,2.1,304.094
1513,USA,2009,78.5,2.0,306.7715
1514,USA,2010,78.6,1.9,309.3471
1515,USA,2011,78.7,1.9,311.7216
1516,USA,2012,78.8,1.9,314.1121
1517,USA,2013,78.8,1.9,316.498
1518,USA,2014,78.9,1.9,318.857
1519,BRA,1960,54.3,6.1,69.717
1520,BRA,1961,54.8,6.0,71.818
1521,BRA,1962,55.3,6.0,73.969
1522,BRA,1963,55.8,5.9,76.169
1523,BRA,1964,56.3,5.8,78.414
1524,BRA,1965,56.8,5.7,80.703
1525,BRA,1966,57.3,5.6,83.03299999999999
1526,BRA,1967,57.8,5.5,85.402
1527,BRA,1968,58.3,5.3,87.807
1528,BRA,1969,58.8,5.2,90.24600000000001
1529,BRA,1970,59.2,5.0,92.71600000000001
1530,BRA,1971,59.6,4.9,95.215
1531,BRA,1972,60.0,4.8,97.741
1532,BRA,1973,60.3,4.6,100.291
1533,BRA,1974,60.6,4.6,102.861
1534,BRA,1975,60.9,4.5,105.45
1535,BRA,1976,61.1,4.4,108.054
1536,BRA,1977,61.3,4.3,110.671
1537,BRA,1978,61.6,4.2,113.29700000000001
1538,BRA,1979,61.8,4.2,115.929
1539,BRA,1980,62.1,4.1,118.5625
1540,BRA,1981,62.4,4.0,121.3813
1541,BRA,1982,62.7,3.9,124.2508
1542,BRA,1983,63.0,3.7,127.1404
1543,BRA,1984,63.3,3.6,130.0825
1544,BRA,1985,63.6,3.5,132.9993
1545,BRA,1986,64.0,3.4,135.8143
1546,BRA,1987,64.3,3.2,138.5859
1547,BRA,1988,64.7,3.1,141.313
1548,BRA,1989,65.1,3.0,143.9973
1549,BRA,1990,65.4,2.9,146.5926
1550,BRA,1991,65.8,2.8,149.0943
1551,BRA,1992,66.3,2.8,151.5468
1552,BRA,1993,66.7,2.7,153.9856
1553,BRA,1994,67.2,2.6,156.431
1554,BRA,1995,67.7,2.6,158.875
1555,BRA,1996,68.2,2.5,161.3232
1556,BRA,1997,68.7,2.5,163.7798
1557,BRA,1998,69.2,2.4,166.2521
1558,BRA,1999,69.7,2.4,168.7535
1559,BRA,2000,70.1,2.3,171.2799
1560,BRA,2001,70.6,2.2,172.7424
1561,BRA,2002,70.9,2.2,175.0766
1562,BRA,2003,71.3,2.1,177.3603
1563,BRA,2004,71.6,2.0,183.4393
1564,BRA,2005,71.9,2.0,185.6514
1565,BRA,2006,72.2,1.9,187.8518
1566,BRA,2007,72.5,1.9,189.9539
1567,BRA,2008,72.8,1.9,191.9998
1568,BRA,2009,73.1,1.8,193.9951
1569,BRA,2010,73.4,1.8,193.2526
1570,BRA,2011,73.6,1.8,197.8253
1571,BRA,2012,73.9,1.8,199.6889
1572,BRA,2013,74.2,1.8,201.4671
1573,CHL,1970,62.3,4.0,9.569631
1574,CHL,1990,72.9,2.6,13.17878
1575,CHL,1991,74.0,2.6,13.42201
1576,CHL,1992,74.5,2.6,13.665239999999999
1577,CHL,1993,74.5,2.5,13.908470000000001
1578,CHL,1994,75.0,2.4,14.151710000000001
1579,CHL,1995,74.8,2.4,14.39494
1580,CHL,1996,75.2,2.3,14.5955
1581,CHL,1997,75.7,2.2,14.796079999999998
1582,CHL,1998,75.8,2.2,14.99665
1583,CHL,1999,76.0,2.1,15.19721
1584,CHL,2000,76.8,2.1,15.39778
1585,CHL,2001,76.8,2.0,15.571679999999999
1586,CHL,2002,77.2,1.9,15.668270000000001
1587,CHL,2003,77.2,1.9,15.83784
1588,CHL,2004,77.2,1.9,16.00167
1589,CHL,2005,77.6,1.8,16.16532
1590,CHL,2006,78.0,1.8,16.33217
1591,CHL,2007,77.5,1.9,16.50487
1592,CHL,2008,78.1,1.9,16.68685
1593,CHL,2009,78.2,1.9,16.87677
1594,CHL,2010,78.0,1.9,17.06614
1595,CHL,2011,78.7,1.9,17.25553
1596,CHL,2012,78.7,1.8,17.4448
1597,CHL,2013,79.5,1.8,17.63158
1598,CHL,2014,79.7,1.9,17.81905
1599,COL,1985,67.7,3.4,30.802220000000002
1600,COL,1986,67.9,3.3,31.44
1601,COL,1987,68.0,3.2,32.09697
1602,COL,1988,68.1,3.1,32.767109999999995
1603,COL,1989,68.3,3.1,33.446909999999995
1604,COL,1990,69.4,3.0,34.13002
1605,COL,1995,71.0,2.7,37.47218
1606,COL,2000,72.7,2.4,40.295559999999995
1607,COL,2005,74.1,2.2,42.88859
1608,COL,2010,75.3,2.0,45.50959
1609,EST,1960,68.9,2.0,1.211537
1610,EST,1961,69.2,2.0,1.225076
1611,EST,1962,69.4,2.0,1.241622
1612,EST,1963,69.5,1.9,1.258857
1613,EST,1964,70.3,1.9,1.2770860000000002
1614,EST,1965,70.3,1.9,1.2945659999999999
1615,EST,1966,70.4,1.9,1.3085959999999999
1616,EST,1967,70.6,1.9,1.318946
1617,EST,1968,70.2,2.0,1.331213
1618,EST,1969,69.9,2.1,1.345249
1619,EST,1970,70.0,2.2,1.360076
1620,EST,1971,70.3,2.2,1.376955
1621,EST,1972,70.1,2.1,1.392518
1622,EST,1973,70.4,2.1,1.405951
1623,EST,1974,70.5,2.1,1.418169
1624,EST,1975,69.9,2.0,1.429351
1625,EST,1976,69.5,2.1,1.439576
1626,EST,1977,69.6,2.1,1.4502110000000001
1627,EST,1978,69.4,2.0,1.4601879999999998
1628,EST,1979,69.2,2.0,1.4683329999999999
1629,EST,1980,69.3,2.0,1.477218
1630,EST,1981,69.1,2.1,1.487666
1631,EST,1982,69.7,2.1,1.498414
1632,EST,1983,69.6,2.2,1.508745
1633,EST,1984,69.5,2.2,1.518616
1634,EST,1985,69.6,2.1,1.528781
1635,EST,1986,70.7,2.2,1.54019
1636,EST,1987,70.7,2.3,1.5522200000000002
1637,EST,1988,70.8,2.3,1.561899
1638,EST,1989,70.3,2.2,1.56813
1639,EST,1990,69.8,2.1,1.569174
1640,EST,1991,69.7,1.8,1.561313
1641,EST,1992,69.1,1.7,1.53309
1642,EST,1993,68.2,1.5,1.494127
1643,EST,1994,66.8,1.4,1.462513
1644,EST,1995,67.9,1.4,1.436633
1645,EST,1996,69.9,1.4,1.415594
1646,EST,1997,70.1,1.3,1.399535
1647,EST,1998,69.7,1.3,1.386155
1648,EST,1999,70.6,1.3,1.380619
1649,EST,2000,71.0,1.4,1.3969850000000001
1650,EST,2001,70.9,1.3,1.388115
1651,EST,2002,71.4,1.4,1.37935
1652,EST,2003,71.8,1.4,1.3707200000000002
1653,EST,2004,72.4,1.5,1.36255
1654,EST,2005,72.9,1.5,1.354775
1655,EST,2006,73.1,1.6,1.34681
1656,EST,2007,73.2,1.7,1.3406799999999999
1657,EST,2008,74.2,1.7,1.33709
1658,EST,2009,75.2,1.7,1.334515
1659,EST,2010,75.9,1.7,1.331475
1660,EST,2011,76.4,1.6,1.327439
1661,EST,2012,76.5,1.6,1.3226959999999999
1662,EST,2013,77.3,1.5,1.3179969999999999
1663,EST,2014,77.2,1.5,1.315819
1664,ISR,1971,71.8,3.9,3.0951
1665,ISR,1972,71.5,3.7,3.225
1666,ISR,1973,71.7,3.7,3.3382
1667,ISR,1974,71.7,3.7,3.4216
1668,ISR,1975,72.1,3.7,3.4932
1669,ISR,1976,73.0,3.7,3.5754
1670,ISR,1977,73.0,3.5,3.6532
1671,ISR,1978,73.3,3.3,3.7376
1672,ISR,1979,73.6,3.2,3.8363
1673,ISR,1980,73.9,3.1,3.9217
1674,ISR,1981,74.3,3.1,3.9498
1675,ISR,1982,74.2,3.1,4.0207
1676,ISR,1983,74.5,3.2,4.1061
1677,ISR,1984,74.9,3.1,4.1591
1678,ISR,1985,75.3,3.1,4.2330000000000005
1679,ISR,1986,75.0,3.1,4.2988
1680,ISR,1987,75.3,3.1,4.3689
1681,ISR,1988,75.7,3.1,4.4417
1682,ISR,1989,76.4,3.0,4.5182
1683,ISR,1990,76.7,3.0,4.6602
1684,ISR,1991,76.8,2.9,4.9491
1685,ISR,1992,76.6,2.9,5.1235
1686,ISR,1993,77.2,2.9,5.2614
1687,ISR,1994,77.5,2.9,5.3993
1688,ISR,1995,77.5,2.9,5.5449
1689,ISR,1996,78.2,2.9,5.6851
1690,ISR,1997,78.1,2.9,5.8289
1691,ISR,1998,78.2,3.0,5.9707
1692,ISR,1999,78.5,2.9,6.1253
1693,ISR,2000,78.8,3.0,6.2892
1694,ISR,2001,79.3,2.9,6.439
1695,ISR,2002,79.5,2.9,6.57
1696,ISR,2003,79.7,3.0,6.6897
1697,ISR,2004,80.2,2.9,6.809
1698,ISR,2005,80.2,2.8,6.9301
1699,ISR,2006,80.6,2.9,7.0537
1700,ISR,2007,80.6,2.9,7.1801
1701,ISR,2008,81.0,3.0,7.3088
1702,ISR,2009,81.5,3.0,7.4856
1703,ISR,2010,81.7,3.0,7.6236
1704,ISR,2011,81.7,3.0,7.7658
1705,ISR,2012,81.8,3.1,7.9105
1706,ISR,2013,82.1,3.0,8.059
1707,RUS,1960,66.2,2.5,119.9057
1708,RUS,1961,66.7,2.5,121.469
1709,RUS,1962,67.1,2.4,122.9705
1710,RUS,1963,67.4,2.3,124.3766
1711,RUS,1964,67.7,2.2,125.6448
1712,RUS,1965,67.8,2.1,126.7491
1713,RUS,1966,67.9,2.1,127.6746
1714,RUS,1967,68.0,2.0,128.4414
1715,RUS,1968,68.0,2.0,129.10299999999998
1716,RUS,1969,68.0,2.0,129.7342
1717,RUS,1970,68.3,2.0,130.3918
1718,RUS,1971,68.5,2.0,131.0955
1719,RUS,1972,68.4,2.1,131.838
1720,RUS,1973,68.4,2.0,132.6161
1721,RUS,1974,68.5,2.0,133.4172
1722,RUS,1975,67.9,2.0,134.2325
1723,RUS,1976,67.6,2.0,135.0639
1724,RUS,1977,67.5,2.0,135.9192
1725,RUS,1978,67.5,1.9,136.8013
1726,RUS,1979,67.3,1.9,137.7131
1727,RUS,1980,67.2,1.9,138.6554
1728,RUS,1981,67.4,1.9,139.6195
1729,RUS,1982,67.9,2.0,140.5983
1730,RUS,1983,67.8,2.0,141.5939
1731,RUS,1984,67.3,2.1,142.6098
1732,RUS,1985,68.0,2.1,143.033
1733,RUS,1986,69.5,2.1,144.23
1734,RUS,1987,69.6,2.2,145.461
1735,RUS,1988,69.6,2.1,146.494
1736,RUS,1989,69.3,2.0,147.332
1737,RUS,1990,69.0,1.9,147.969
1738,RUS,1991,68.8,1.7,148.394
1739,RUS,1992,67.8,1.5,148.53799999999998
1740,RUS,1993,65.3,1.4,148.459
1741,RUS,1994,64.3,1.4,148.408
1742,RUS,1995,64.9,1.3,148.376
1743,RUS,1996,66.0,1.3,148.16
1744,RUS,1997,66.8,1.2,147.915
1745,RUS,1998,67.2,1.2,147.671
1746,RUS,1999,66.1,1.2,147.215
1747,RUS,2000,65.6,1.2,146.597
1748,RUS,2001,65.5,1.2,145.976
1749,RUS,2002,65.3,1.3,145.306
1750,RUS,2003,65.2,1.3,144.649
1751,RUS,2004,65.6,1.3,144.067
1752,RUS,2005,65.7,1.3,143.519
1753,RUS,2006,66.9,1.3,143.05
1754,RUS,2007,67.7,1.4,142.805
1755,RUS,2008,68.1,1.5,142.74200000000002
1756,RUS,2009,68.8,1.5,142.785
1757,RUS,2010,69.0,1.6,142.849
1758,RUS,2011,69.8,1.6,142.961
1759,RUS,2012,70.2,1.7,143.207
1760,RUS,2013,70.7,1.7,143.507
1761,SVN,1982,71.2,1.9,1.910335
1762,SVN,1983,71.0,1.8,1.922322
1763,SVN,1984,71.4,1.8,1.9321540000000001
1764,SVN,1985,71.9,1.7,1.9416400000000003
1765,SVN,1986,72.4,1.7,1.980718
1766,SVN,1987,72.4,1.6,1.9894619999999998
1767,SVN,1988,73.0,1.6,1.999988
1768,SVN,1989,73.4,1.5,1.9994040000000002
1769,SVN,1990,73.8,1.5,1.9980900000000001
1770,SVN,1991,73.5,1.4,2.001768
1771,SVN,1992,73.6,1.3,1.995832
1772,SVN,1993,73.5,1.3,1.990623
1773,SVN,1994,74.0,1.3,1.98885
1774,SVN,1995,74.7,1.3,1.9875049999999999
1775,SVN,1996,75.1,1.3,1.991169
1776,SVN,1997,75.1,1.3,1.986848
1777,SVN,1998,75.3,1.2,1.982603
1778,SVN,1999,75.7,1.2,1.985557
1779,SVN,2000,76.1,1.3,1.990272
1780,SVN,2001,76.4,1.2,1.9920349999999998
1781,SVN,2002,76.6,1.2,1.995718
1782,SVN,2003,76.4,1.2,1.996773
1783,SVN,2004,77.2,1.3,1.997004
1784,SVN,2005,77.4,1.3,2.001114
1785,SVN,2006,78.3,1.3,2.008516
1786,SVN,2007,78.3,1.4,2.019406
1787,SVN,2008,79.1,1.5,2.0226290000000002
1788,SVN,2009,79.3,1.5,2.042335
1789,SVN,2010,79.8,1.6,2.049261
1790,SVN,2011,80.1,1.6,2.052496
1791,SVN,2012,80.2,1.6,2.056262
1792,SVN,2013,80.4,1.6,2.059114
1793,SVN,2014,81.2,1.6,2.061623
1794,CHN,1960,43.4,5.7,650.7126
1795,CHN,1961,43.7,5.9,660.735
1796,CHN,1962,44.4,6.1,671.1549
1797,CHN,1963,45.6,6.2,682.6161
1798,CHN,1964,47.2,6.3,695.9187
1799,CHN,1965,49.2,6.4,711.5829
1800,CHN,1966,51.3,6.4,729.2626
1801,CHN,1967,53.5,6.3,749.1154
1802,CHN,1968,55.5,6.1,770.5073
1803,CHN,1969,57.2,5.9,792.5192
1804,CHN,1970,58.7,5.6,814.4229
1805,CHN,1971,59.9,5.3,835.6502
1806,CHN,1972,61.0,5.0,856.5981
1807,CHN,1973,61.9,4.6,876.8586
1808,CHN,1974,62.8,4.2,895.9727
1809,CHN,1975,63.6,3.8,913.6462
1810,CHN,1976,64.3,3.5,929.4601
1811,CHN,1977,65.0,3.2,943.7886
1812,CHN,1978,65.6,2.9,957.1787
1813,CHN,1979,66.1,2.8,970.4154
1814,CHN,1980,66.6,2.6,984.1217
1815,CHN,1981,67.0,2.6,998.0024
1816,CHN,1982,67.3,2.6,1012.373
1817,CHN,1983,67.7,2.6,1027.641
1818,CHN,1984,67.9,2.6,1044.253
1819,CHN,1985,68.2,2.7,1062.4460000000001
1820,CHN,1986,68.4,2.7,1082.005
1821,CHN,1987,68.6,2.7,1103.076
1822,CHN,1988,68.8,2.6,1124.7930000000001
1823,CHN,1989,68.9,2.5,1145.942
1824,CHN,1990,69.1,2.4,1165.4289999999999
1825,CHN,1991,69.2,2.2,1183.008
1826,CHN,1992,69.4,2.0,1198.875
1827,CHN,1993,69.6,1.9,1213.104
1828,CHN,1994,69.7,1.7,1225.922
1829,CHN,1995,70.0,1.6,1237.531
1830,CHN,1996,70.2,1.6,1247.897
1831,CHN,1997,70.6,1.5,1257.022
1832,CHN,1998,70.9,1.5,1265.223
1833,CHN,1999,71.3,1.5,1272.915
1834,CHN,2000,71.8,1.5,1280.4289999999999
1835,CHN,2001,72.2,1.5,1287.891
1836,CHN,2002,72.7,1.5,1295.322
1837,CHN,2003,73.1,1.5,1302.81
1838,CHN,2004,73.5,1.6,1310.414
1839,CHN,2005,73.8,1.6,1318.1770000000001
1840,CHN,2006,74.1,1.6,1326.146
1841,CHN,2007,74.4,1.6,1334.344
1842,CHN,2008,74.6,1.6,1342.733
1843,CHN,2009,74.8,1.6,1351.2479999999998
1844,CHN,2010,75.0,1.6,1359.8220000000001
1845,CHN,2011,75.2,1.6,1368.44
1846,CHN,2012,75.4,1.6,1377.065
1847,CHN,2013,75.6,1.6,1385.567
1848,IND,1960,41.2,5.9,449.5214
1849,IND,1961,41.8,5.9,458.496
1850,IND,1962,42.4,5.9,467.8056
1851,IND,1963,43.0,5.9,477.457
1852,IND,1964,43.7,5.9,487.4641
1853,IND,1965,44.3,5.8,497.8542
1854,IND,1966,45.0,5.8,508.4673
1855,IND,1967,45.7,5.8,519.47
1856,IND,1968,46.4,5.7,530.8898
1857,IND,1969,47.0,5.6,542.7511
1858,IND,1970,47.7,5.6,555.0637
1859,IND,1971,48.4,5.5,567.6116
1860,IND,1972,49.1,5.4,580.5688
1861,IND,1973,49.8,5.4,593.9493
1862,IND,1974,50.4,5.3,607.7719
1863,IND,1975,51.1,5.2,622.0544
1864,IND,1976,51.7,5.1,636.6017
1865,IND,1977,52.3,5.0,651.5868
1866,IND,1978,52.8,5.0,666.9718
1867,IND,1979,53.4,4.9,682.699
1868,IND,1980,53.9,4.8,698.7208
1869,IND,1981,54.3,4.8,714.7706
1870,IND,1982,54.7,4.7,731.0479
1871,IND,1983,55.1,4.6,747.5671
1872,IND,1984,55.5,4.6,764.3536
1873,IND,1985,55.9,4.5,781.4219
1874,IND,1986,56.2,4.4,798.4903
1875,IND,1987,56.6,4.3,815.7924
1876,IND,1988,57.0,4.2,833.2754
1877,IND,1989,57.5,4.1,850.8645
1878,IND,1990,58.0,4.0,868.8907
1879,IND,1991,58.4,4.0,886.3487
1880,IND,1992,59.0,3.9,903.7496
1881,IND,1993,59.5,3.8,921.1076
1882,IND,1994,60.0,3.7,938.4526
1883,IND,1995,60.5,3.7,955.8044
1884,IND,1996,60.9,3.6,973.1476
1885,IND,1997,61.4,3.5,990.4601
1886,IND,1998,61.8,3.4,1007.747
1887,IND,1999,62.2,3.4,1025.015
1888,IND,2000,62.7,3.3,1042.262
1889,IND,2001,63.0,3.2,1059.501
1890,IND,2002,63.4,3.2,1076.7060000000001
1891,IND,2003,63.8,3.1,1093.787
1892,IND,2004,64.2,3.0,1110.626
1893,IND,2005,64.5,3.0,1127.144
1894,IND,2006,64.9,2.9,1143.289
1895,IND,2007,65.3,2.8,1159.095
1896,IND,2008,65.7,2.7,1174.662
1897,IND,2009,66.1,2.7,1190.138
1898,IND,2010,66.5,2.6,1205.625
1899,IND,2011,66.9,2.5,1221.156
1900,IND,2012,67.3,2.5,1236.687
1901,IND,2013,67.7,2.4,1252.14
1902,IDN,1960,48.7,5.7,88.70761999999999
1903,IDN,1961,49.3,5.7,90.85668000000001
1904,IDN,1962,49.9,5.6,93.08653000000001
1905,IDN,1963,50.5,5.6,95.40449
1906,IDN,1964,51.1,5.6,97.82113000000001
1907,IDN,1965,51.7,5.6,100.3432
1908,IDN,1966,52.3,5.6,102.9184
1909,IDN,1967,52.8,5.6,105.5884
1910,IDN,1968,53.4,5.6,108.3459
1911,IDN,1969,54.0,5.5,111.1794
1912,IDN,1970,54.6,5.5,114.0802
1913,IDN,1971,55.1,5.4,116.9891
1914,IDN,1972,55.7,5.3,119.9551
1915,IDN,1973,56.2,5.3,122.9808
1916,IDN,1974,56.7,5.2,126.0701
1917,IDN,1975,57.3,5.0,129.2241
1918,IDN,1976,57.8,4.9,132.3799
1919,IDN,1977,58.3,4.8,135.5849
1920,IDN,1978,58.7,4.7,138.8407
1921,IDN,1979,59.2,4.6,142.1493
1922,IDN,1980,59.6,4.4,145.5103
1923,IDN,1981,60.1,4.3,148.8656
1924,IDN,1982,60.5,4.2,152.2624
1925,IDN,1983,60.9,4.0,155.6807
1926,IDN,1984,61.2,3.9,159.0928
1927,IDN,1985,61.6,3.7,162.4787
1928,IDN,1986,61.9,3.6,165.7661
1929,IDN,1987,62.3,3.5,169.0188
1930,IDN,1988,62.6,3.3,172.2445
1931,IDN,1989,62.9,3.2,175.4543
1932,IDN,1990,63.3,3.1,178.6332
1933,IDN,1991,63.7,3.0,181.7863
1934,IDN,1992,64.0,2.9,184.9168
1935,IDN,1993,64.4,2.8,188.0193
1936,IDN,1994,64.7,2.8,191.0857
1937,IDN,1995,65.0,2.7,194.1126
1938,IDN,1996,65.3,2.6,197.0979
1939,IDN,1997,65.6,2.6,200.0504
1940,IDN,1998,65.9,2.5,202.9909
1941,IDN,1999,66.1,2.5,205.9468
1942,IDN,2000,66.3,2.5,208.9387
1943,IDN,2001,66.5,2.5,211.9704
1944,IDN,2002,66.7,2.5,215.0383
1945,IDN,2003,66.8,2.5,218.1456
1946,IDN,2004,67.0,2.5,221.2938
1947,IDN,2005,67.2,2.5,224.4809
1948,IDN,2006,67.4,2.5,227.7098
1949,IDN,2007,67.6,2.5,230.9728
1950,IDN,2008,67.8,2.5,234.2435
1951,IDN,2009,68.0,2.5,237.4869
1952,IDN,2010,68.2,2.5,240.6765
1953,IDN,2011,68.4,2.5,243.8016
1954,IDN,2012,68.6,2.5,246.8642
1955,IDN,2013,68.8,2.4,249.8656
1956,ZAF,1991,62.4,3.5,36.199
1957,ZAF,1992,62.4,3.4,36.992
1958,ZAF,1993,62.3,3.3,37.802
1959,ZAF,1994,62.0,3.2,38.631
1960,ZAF,1995,61.5,3.1,39.477
1961,ZAF,1996,60.7,3.0,40.342
1962,ZAF,1997,59.7,3.0,41.227
1963,ZAF,1998,58.5,2.9,42.131
1964,ZAF,1999,57.2,2.9,43.053999999999995
1965,ZAF,2000,55.9,2.8,43.69
1966,ZAF,2001,54.6,2.8,44.56
1967,ZAF,2002,53.5,2.8,45.545
1968,ZAF,2003,52.6,2.7,46.126999999999995
1969,ZAF,2004,51.9,2.7,46.727
1970,ZAF,2005,51.6,2.7,47.35
1971,ZAF,2006,51.6,2.7,47.99100000000001
1972,ZAF,2007,52.0,2.6,48.658
1973,ZAF,2008,52.7,2.6,49.345
1974,ZAF,2009,53.5,2.6,50.055
1975,ZAF,2010,54.4,2.6,50.792
1976,ZAF,2011,55.3,2.6,51.553999999999995
1977,ZAF,2012,56.1,2.6,52.341
1978,ZAF,2013,56.8,2.5,53.158
1979,ZAF,2014,57.2,2.5,54.001999999999995
1980,LVA,2002,70.1,1.3,2.31
1981,LVA,2003,70.5,1.3,2.2880000000000003
1982,LVA,2004,70.8,1.3,2.263
1983,LVA,2005,70.6,1.4,2.239
1984,LVA,2006,70.6,1.5,2.218
1985,LVA,2007,70.8,1.5,2.2
1986,LVA,2008,72.0,1.6,2.177
1987,LVA,2009,72.6,1.5,2.142
1988,LVA,2010,73.0,1.4,2.0980000000000003
1989,LVA,2011,73.7,1.3,2.06
1990,LVA,2012,73.9,1.4,2.0340000000000003
